 obs_sequence
obs_type_definitions
           1
           1 RAW_STATE_VARIABLE             
  num_copies:            2  num_qc:            1
  num_obs:         1500  max_num_obs:         1500
observations                                                    
truth                                                           
Quality Control                                                 
  first:            1  last:         1500
 OBS            1
  -3.4209280808819544     
  -5.0116640267626487     
   0.0000000000000000     
          -1           2          -1
obdef
loc1d
   0.0000000000000000
kind
           1
  2160          0
   1.0000000000000000     
 OBS            2
   2.0559288808939828     
  0.48203333839550583     
   0.0000000000000000     
           1           3          -1
obdef
loc1d
   0.3333333300000000
kind
           1
  2160          0
   1.0000000000000000     
 OBS            3
   29.825641927658520     
   30.018356259682349     
   0.0000000000000000     
           2           4          -1
obdef
loc1d
   0.6666666600000000
kind
           1
  2160          0
   1.0000000000000000     
 OBS            4
  -1.3182897135272846     
  -2.5099149629368629     
   0.0000000000000000     
           3           5          -1
obdef
loc1d
   0.0000000000000000
kind
           1
 23760          0
   1.0000000000000000     
 OBS            5
  0.26248336130336819     
  0.43853240618929629     
   0.0000000000000000     
           4           6          -1
obdef
loc1d
   0.3333333300000000
kind
           1
 23760          0
   1.0000000000000000     
 OBS            6
   26.884591396164183     
   25.471503016082778     
   0.0000000000000000     
           5           7          -1
obdef
loc1d
   0.6666666600000000
kind
           1
 23760          0
   1.0000000000000000     
 OBS            7
  0.57719764291284870     
  -1.2973111322377791     
   0.0000000000000000     
           6           8          -1
obdef
loc1d
   0.0000000000000000
kind
           1
 45360          0
   1.0000000000000000     
 OBS            8
   1.4488108615288928     
  -3.7553948374283323E-002
   0.0000000000000000     
           7           9          -1
obdef
loc1d
   0.3333333300000000
kind
           1
 45360          0
   1.0000000000000000     
 OBS            9
   22.360876512866177     
   21.683068169248710     
   0.0000000000000000     
           8          10          -1
obdef
loc1d
   0.6666666600000000
kind
           1
 45360          0
   1.0000000000000000     
 OBS           10
  -1.3542465372360453     
 -0.84704312335225951     
   0.0000000000000000     
           9          11          -1
obdef
loc1d
   0.0000000000000000
kind
           1
 66960          0
   1.0000000000000000     
 OBS           11
 -0.59813558541332579     
 -0.50262560366673847     
   0.0000000000000000     
          10          12          -1
obdef
loc1d
   0.3333333300000000
kind
           1
 66960          0
   1.0000000000000000     
 OBS           12
   18.844924606237047     
   18.492254233024191     
   0.0000000000000000     
          11          13          -1
obdef
loc1d
   0.6666666600000000
kind
           1
 66960          0
   1.0000000000000000     
 OBS           13
  0.21838110259210486     
 -0.80787906274786947     
   0.0000000000000000     
          12          14          -1
obdef
loc1d
   0.0000000000000000
kind
           1
  2160          1
   1.0000000000000000     
 OBS           14
 -0.54780304705537097     
 -0.98130615535177579     
   0.0000000000000000     
          13          15          -1
obdef
loc1d
   0.3333333300000000
kind
           1
  2160          1
   1.0000000000000000     
 OBS           15
   15.706893062355244     
   15.791174628908365     
   0.0000000000000000     
          14          16          -1
obdef
loc1d
   0.6666666600000000
kind
           1
  2160          1
   1.0000000000000000     
 OBS           16
  -1.5779633191999847     
  -1.0368660200305251     
   0.0000000000000000     
          15          17          -1
obdef
loc1d
   0.0000000000000000
kind
           1
 23760          1
   1.0000000000000000     
 OBS           17
  -2.2028158628946106     
  -1.6299746740881802     
   0.0000000000000000     
          16          18          -1
obdef
loc1d
   0.3333333300000000
kind
           1
 23760          1
   1.0000000000000000     
 OBS           18
   13.480445405082950     
   13.522021273570342     
   0.0000000000000000     
          17          19          -1
obdef
loc1d
   0.6666666600000000
kind
           1
 23760          1
   1.0000000000000000     
 OBS           19
  -3.1415224195086067     
  -1.5433130010956486     
   0.0000000000000000     
          18          20          -1
obdef
loc1d
   0.0000000000000000
kind
           1
 45360          1
   1.0000000000000000     
 OBS           20
  -2.5448639004919280     
  -2.6774926884419012     
   0.0000000000000000     
          19          21          -1
obdef
loc1d
   0.3333333300000000
kind
           1
 45360          1
   1.0000000000000000     
 OBS           21
   12.773039788196748     
   11.674676021012365     
   0.0000000000000000     
          20          22          -1
obdef
loc1d
   0.6666666600000000
kind
           1
 45360          1
   1.0000000000000000     
 OBS           22
  -3.6283129520195105     
  -2.4632153759280704     
   0.0000000000000000     
          21          23          -1
obdef
loc1d
   0.0000000000000000
kind
           1
 66960          1
   1.0000000000000000     
 OBS           23
  -5.3092560400659670     
  -4.4764519878519069     
   0.0000000000000000     
          22          24          -1
obdef
loc1d
   0.3333333300000000
kind
           1
 66960          1
   1.0000000000000000     
 OBS           24
   8.7460004539665874     
   10.340705013497518     
   0.0000000000000000     
          23          25          -1
obdef
loc1d
   0.6666666600000000
kind
           1
 66960          1
   1.0000000000000000     
 OBS           25
  -4.2262586420559654     
  -4.0768921017851874     
   0.0000000000000000     
          24          26          -1
obdef
loc1d
   0.0000000000000000
kind
           1
  2160          2
   1.0000000000000000     
 OBS           26
  -6.4017935062118783     
  -7.5737387535941876     
   0.0000000000000000     
          25          27          -1
obdef
loc1d
   0.3333333300000000
kind
           1
  2160          2
   1.0000000000000000     
 OBS           27
   11.279151600127859     
   9.8922062585109636     
   0.0000000000000000     
          26          28          -1
obdef
loc1d
   0.6666666600000000
kind
           1
  2160          2
   1.0000000000000000     
 OBS           28
  -5.6743463937908398     
  -6.8173042210681754     
   0.0000000000000000     
          27          29          -1
obdef
loc1d
   0.0000000000000000
kind
           1
 23760          2
   1.0000000000000000     
 OBS           29
  -11.685119354543774     
  -12.579674566828272     
   0.0000000000000000     
          28          30          -1
obdef
loc1d
   0.3333333300000000
kind
           1
 23760          2
   1.0000000000000000     
 OBS           30
   11.938051344940433     
   11.460903848305925     
   0.0000000000000000     
          29          31          -1
obdef
loc1d
   0.6666666600000000
kind
           1
 23760          2
   1.0000000000000000     
 OBS           31
  -11.456927643444097     
  -10.991774787007870     
   0.0000000000000000     
          30          32          -1
obdef
loc1d
   0.0000000000000000
kind
           1
 45360          2
   1.0000000000000000     
 OBS           32
  -17.596190007619825     
  -18.880153662018802     
   0.0000000000000000     
          31          33          -1
obdef
loc1d
   0.3333333300000000
kind
           1
 45360          2
   1.0000000000000000     
 OBS           33
   16.982997733987730     
   17.663083310225591     
   0.0000000000000000     
          32          34          -1
obdef
loc1d
   0.6666666600000000
kind
           1
 45360          2
   1.0000000000000000     
 OBS           34
  -15.883946193115767     
  -15.407955438206571     
   0.0000000000000000     
          33          35          -1
obdef
loc1d
   0.0000000000000000
kind
           1
 66960          2
   1.0000000000000000     
 OBS           35
  -20.803109802146476     
  -20.843054830572591     
   0.0000000000000000     
          34          36          -1
obdef
loc1d
   0.3333333300000000
kind
           1
 66960          2
   1.0000000000000000     
 OBS           36
   32.268637111081041     
   30.468323981989883     
   0.0000000000000000     
          35          37          -1
obdef
loc1d
   0.6666666600000000
kind
           1
 66960          2
   1.0000000000000000     
 OBS           37
  -17.056584066402859     
  -15.887501134082623     
   0.0000000000000000     
          36          38          -1
obdef
loc1d
   0.0000000000000000
kind
           1
  2160          3
   1.0000000000000000     
 OBS           38
  -11.179987740248395     
  -11.338815901430046     
   0.0000000000000000     
          37          39          -1
obdef
loc1d
   0.3333333300000000
kind
           1
  2160          3
   1.0000000000000000     
 OBS           39
   41.850723113102561     
   41.077841508504967     
   0.0000000000000000     
          38          40          -1
obdef
loc1d
   0.6666666600000000
kind
           1
  2160          3
   1.0000000000000000     
 OBS           40
  -10.779964063514198     
  -10.826499461786366     
   0.0000000000000000     
          39          41          -1
obdef
loc1d
   0.0000000000000000
kind
           1
 23760          3
   1.0000000000000000     
 OBS           41
   1.1125718782510494     
 -0.26527071866558732     
   0.0000000000000000     
          40          42          -1
obdef
loc1d
   0.3333333300000000
kind
           1
 23760          3
   1.0000000000000000     
 OBS           42
   40.486219746641204     
   39.125836978647847     
   0.0000000000000000     
          41          43          -1
obdef
loc1d
   0.6666666600000000
kind
           1
 23760          3
   1.0000000000000000     
 OBS           43
  -4.1089861408576605     
  -4.9015839199774769     
   0.0000000000000000     
          42          44          -1
obdef
loc1d
   0.0000000000000000
kind
           1
 45360          3
   1.0000000000000000     
 OBS           44
   4.3785178217325917     
   3.4497828393490488     
   0.0000000000000000     
          43          45          -1
obdef
loc1d
   0.3333333300000000
kind
           1
 45360          3
   1.0000000000000000     
 OBS           45
   33.841892456748987     
   32.519449172616163     
   0.0000000000000000     
          44          46          -1
obdef
loc1d
   0.6666666600000000
kind
           1
 45360          3
   1.0000000000000000     
 OBS           46
  -1.9222892724157963     
  -1.0441526377971146     
   0.0000000000000000     
          45          47          -1
obdef
loc1d
   0.0000000000000000
kind
           1
 66960          3
   1.0000000000000000     
 OBS           47
   5.2163307064305711     
   3.6223163673941903     
   0.0000000000000000     
          46          48          -1
obdef
loc1d
   0.3333333300000000
kind
           1
 66960          3
   1.0000000000000000     
 OBS           48
   29.035439945550710     
   27.162746022928463     
   0.0000000000000000     
          47          49          -1
obdef
loc1d
   0.6666666600000000
kind
           1
 66960          3
   1.0000000000000000     
 OBS           49
   1.2022987438744168     
   1.0059317226812994     
   0.0000000000000000     
          48          50          -1
obdef
loc1d
   0.0000000000000000
kind
           1
  2160          4
   1.0000000000000000     
 OBS           50
   3.0031493631338502     
   3.4716652874802296     
   0.0000000000000000     
          49          51          -1
obdef
loc1d
   0.3333333300000000
kind
           1
  2160          4
   1.0000000000000000     
 OBS           51
   20.970705792302258     
   23.169861456353477     
   0.0000000000000000     
          50          52          -1
obdef
loc1d
   0.6666666600000000
kind
           1
  2160          4
   1.0000000000000000     
 OBS           52
   2.2702914107925438     
   2.1967334861719534     
   0.0000000000000000     
          51          53          -1
obdef
loc1d
   0.0000000000000000
kind
           1
 23760          4
   1.0000000000000000     
 OBS           53
   3.3543096263709753     
   3.9079690611901245     
   0.0000000000000000     
          52          54          -1
obdef
loc1d
   0.3333333300000000
kind
           1
 23760          4
   1.0000000000000000     
 OBS           54
   18.526065678620224     
   20.080628362231785     
   0.0000000000000000     
          53          55          -1
obdef
loc1d
   0.6666666600000000
kind
           1
 23760          4
   1.0000000000000000     
 OBS           55
   2.0332609818830840     
   3.2399823236003704     
   0.0000000000000000     
          54          56          -1
obdef
loc1d
   0.0000000000000000
kind
           1
 45360          4
   1.0000000000000000     
 OBS           56
   5.5130165900309009     
   5.1386350517530053     
   0.0000000000000000     
          55          57          -1
obdef
loc1d
   0.3333333300000000
kind
           1
 45360          4
   1.0000000000000000     
 OBS           57
   17.509313207334188     
   17.792067090776317     
   0.0000000000000000     
          56          58          -1
obdef
loc1d
   0.6666666600000000
kind
           1
 45360          4
   1.0000000000000000     
 OBS           58
   4.2129788735683062     
   4.5986476734108805     
   0.0000000000000000     
          57          59          -1
obdef
loc1d
   0.0000000000000000
kind
           1
 66960          4
   1.0000000000000000     
 OBS           59
   7.2483608607591696     
   7.3272863163022937     
   0.0000000000000000     
          58          60          -1
obdef
loc1d
   0.3333333300000000
kind
           1
 66960          4
   1.0000000000000000     
 OBS           60
   17.646325867374131     
   16.508480714120697     
   0.0000000000000000     
          59          61          -1
obdef
loc1d
   0.6666666600000000
kind
           1
 66960          4
   1.0000000000000000     
 OBS           61
   6.3938451341773845     
   6.6038335263789492     
   0.0000000000000000     
          60          62          -1
obdef
loc1d
   0.0000000000000000
kind
           1
  2160          5
   1.0000000000000000     
 OBS           62
   10.124228461930944     
   10.611536150111592     
   0.0000000000000000     
          61          63          -1
obdef
loc1d
   0.3333333300000000
kind
           1
  2160          5
   1.0000000000000000     
 OBS           63
   16.871700445393248     
   16.850800010020627     
   0.0000000000000000     
          62          64          -1
obdef
loc1d
   0.6666666600000000
kind
           1
  2160          5
   1.0000000000000000     
 OBS           64
   9.6866531166372880     
   9.3865956005950686     
   0.0000000000000000     
          63          65          -1
obdef
loc1d
   0.0000000000000000
kind
           1
 23760          5
   1.0000000000000000     
 OBS           65
   13.946574930506765     
   14.516726068655407     
   0.0000000000000000     
          64          66          -1
obdef
loc1d
   0.3333333300000000
kind
           1
 23760          5
   1.0000000000000000     
 OBS           66
   19.105879204705865     
   19.994909555716376     
   0.0000000000000000     
          65          67          -1
obdef
loc1d
   0.6666666600000000
kind
           1
 23760          5
   1.0000000000000000     
 OBS           67
   12.486153294550961     
   12.382927637804094     
   0.0000000000000000     
          66          68          -1
obdef
loc1d
   0.0000000000000000
kind
           1
 45360          5
   1.0000000000000000     
 OBS           68
   16.661347723152094     
   16.667510082129589     
   0.0000000000000000     
          67          69          -1
obdef
loc1d
   0.3333333300000000
kind
           1
 45360          5
   1.0000000000000000     
 OBS           69
   26.578936874008928     
   26.771690012761336     
   0.0000000000000000     
          68          70          -1
obdef
loc1d
   0.6666666600000000
kind
           1
 45360          5
   1.0000000000000000     
 OBS           70
   12.939294032383184     
   13.760386031005723     
   0.0000000000000000     
          69          71          -1
obdef
loc1d
   0.0000000000000000
kind
           1
 66960          5
   1.0000000000000000     
 OBS           71
   14.868285571573569     
   13.474852347265067     
   0.0000000000000000     
          70          72          -1
obdef
loc1d
   0.3333333300000000
kind
           1
 66960          5
   1.0000000000000000     
 OBS           72
   32.744180687259444     
   34.301324634444917     
   0.0000000000000000     
          71          73          -1
obdef
loc1d
   0.6666666600000000
kind
           1
 66960          5
   1.0000000000000000     
 OBS           73
   10.325511598565949     
   11.928382936997799     
   0.0000000000000000     
          72          74          -1
obdef
loc1d
   0.0000000000000000
kind
           1
  2160          6
   1.0000000000000000     
 OBS           74
   7.6680711047185524     
   6.5711690389289794     
   0.0000000000000000     
          73          75          -1
obdef
loc1d
   0.3333333300000000
kind
           1
  2160          6
   1.0000000000000000     
 OBS           75
   35.824981617020065     
   36.528966866024469     
   0.0000000000000000     
          74          76          -1
obdef
loc1d
   0.6666666600000000
kind
           1
  2160          6
   1.0000000000000000     
 OBS           76
   8.5757703881855498     
   8.1958131313040514     
   0.0000000000000000     
          75          77          -1
obdef
loc1d
   0.0000000000000000
kind
           1
 23760          6
   1.0000000000000000     
 OBS           77
   1.7022939124426584     
   1.8896153777935232     
   0.0000000000000000     
          76          78          -1
obdef
loc1d
   0.3333333300000000
kind
           1
 23760          6
   1.0000000000000000     
 OBS           78
   34.860658169147605     
   33.347344424466897     
   0.0000000000000000     
          77          79          -1
obdef
loc1d
   0.6666666600000000
kind
           1
 23760          6
   1.0000000000000000     
 OBS           79
   3.0665780086058283     
   4.9266818237699592     
   0.0000000000000000     
          78          80          -1
obdef
loc1d
   0.0000000000000000
kind
           1
 45360          6
   1.0000000000000000     
 OBS           80
  0.18608161736705708     
  0.56100244048937820     
   0.0000000000000000     
          79          81          -1
obdef
loc1d
   0.3333333300000000
kind
           1
 45360          6
   1.0000000000000000     
 OBS           81
   29.505358072817231     
   28.789741387299891     
   0.0000000000000000     
          80          82          -1
obdef
loc1d
   0.6666666600000000
kind
           1
 45360          6
   1.0000000000000000     
 OBS           82
   5.5779398277899910     
   2.9852447169453962     
   0.0000000000000000     
          81          83          -1
obdef
loc1d
   0.0000000000000000
kind
           1
 66960          6
   1.0000000000000000     
 OBS           83
  0.96193118433060198     
  0.78909774645941289     
   0.0000000000000000     
          82          84          -1
obdef
loc1d
   0.3333333300000000
kind
           1
 66960          6
   1.0000000000000000     
 OBS           84
   20.530353405619628     
   24.659811142813460     
   0.0000000000000000     
          83          85          -1
obdef
loc1d
   0.6666666600000000
kind
           1
 66960          6
   1.0000000000000000     
 OBS           85
   2.7844260040713849     
   2.1573786658223928     
   0.0000000000000000     
          84          86          -1
obdef
loc1d
   0.0000000000000000
kind
           1
  2160          7
   1.0000000000000000     
 OBS           86
   1.4327710189906204     
   1.4755660705665474     
   0.0000000000000000     
          85          87          -1
obdef
loc1d
   0.3333333300000000
kind
           1
  2160          7
   1.0000000000000000     
 OBS           87
   19.669539498674816     
   21.165534748092099     
   0.0000000000000000     
          86          88          -1
obdef
loc1d
   0.6666666600000000
kind
           1
  2160          7
   1.0000000000000000     
 OBS           88
   2.7514943904943547     
   2.0673459244220602     
   0.0000000000000000     
          87          89          -1
obdef
loc1d
   0.0000000000000000
kind
           1
 23760          7
   1.0000000000000000     
 OBS           89
  0.78657437473084446     
   2.3901563779320534     
   0.0000000000000000     
          88          90          -1
obdef
loc1d
   0.3333333300000000
kind
           1
 23760          7
   1.0000000000000000     
 OBS           90
   16.422332882086938     
   18.255436220320625     
   0.0000000000000000     
          89          91          -1
obdef
loc1d
   0.6666666600000000
kind
           1
 23760          7
   1.0000000000000000     
 OBS           91
  0.62822453627982777     
   2.5161948913843037     
   0.0000000000000000     
          90          92          -1
obdef
loc1d
   0.0000000000000000
kind
           1
 45360          7
   1.0000000000000000     
 OBS           92
   3.5759424425166921     
   3.6934801964215294     
   0.0000000000000000     
          91          93          -1
obdef
loc1d
   0.3333333300000000
kind
           1
 45360          7
   1.0000000000000000     
 OBS           93
   16.330508830683861     
   15.935853720314775     
   0.0000000000000000     
          92          94          -1
obdef
loc1d
   0.6666666600000000
kind
           1
 45360          7
   1.0000000000000000     
 OBS           94
   2.9116253362703444     
   3.5147981914137421     
   0.0000000000000000     
          93          95          -1
obdef
loc1d
   0.0000000000000000
kind
           1
 66960          7
   1.0000000000000000     
 OBS           95
   7.4890090761860497     
   5.7220768830864097     
   0.0000000000000000     
          94          96          -1
obdef
loc1d
   0.3333333300000000
kind
           1
 66960          7
   1.0000000000000000     
 OBS           96
   13.882746909962895     
   14.357515228390641     
   0.0000000000000000     
          95          97          -1
obdef
loc1d
   0.6666666600000000
kind
           1
 66960          7
   1.0000000000000000     
 OBS           97
   5.1864093706202530     
   5.2476270006723151     
   0.0000000000000000     
          96          98          -1
obdef
loc1d
   0.0000000000000000
kind
           1
  2160          8
   1.0000000000000000     
 OBS           98
   8.6138603777585345     
   8.9012677561599762     
   0.0000000000000000     
          97          99          -1
obdef
loc1d
   0.3333333300000000
kind
           1
  2160          8
   1.0000000000000000     
 OBS           99
   14.034779783627739     
   13.998892782030362     
   0.0000000000000000     
          98         100          -1
obdef
loc1d
   0.6666666600000000
kind
           1
  2160          8
   1.0000000000000000     
 OBS          100
   7.7417596218553149     
   7.9708109532484777     
   0.0000000000000000     
          99         101          -1
obdef
loc1d
   0.0000000000000000
kind
           1
 23760          8
   1.0000000000000000     
 OBS          101
   14.378921312025261     
   13.397961518744010     
   0.0000000000000000     
         100         102          -1
obdef
loc1d
   0.3333333300000000
kind
           1
 23760          8
   1.0000000000000000     
 OBS          102
   17.660607704040075     
   16.027807833602612     
   0.0000000000000000     
         101         103          -1
obdef
loc1d
   0.6666666600000000
kind
           1
 23760          8
   1.0000000000000000     
 OBS          103
   8.9729932777714758     
   11.578635783440191     
   0.0000000000000000     
         102         104          -1
obdef
loc1d
   0.0000000000000000
kind
           1
 45360          8
   1.0000000000000000     
 OBS          104
   17.664885347098629     
   17.748121514740916     
   0.0000000000000000     
         103         105          -1
obdef
loc1d
   0.3333333300000000
kind
           1
 45360          8
   1.0000000000000000     
 OBS          105
   21.803811574659836     
   22.308998073974536     
   0.0000000000000000     
         104         106          -1
obdef
loc1d
   0.6666666600000000
kind
           1
 45360          8
   1.0000000000000000     
 OBS          106
   15.513860398973923     
   14.515576337098967     
   0.0000000000000000     
         105         107          -1
obdef
loc1d
   0.0000000000000000
kind
           1
 66960          8
   1.0000000000000000     
 OBS          107
   16.321293796602308     
   17.119022770671517     
   0.0000000000000000     
         106         108          -1
obdef
loc1d
   0.3333333300000000
kind
           1
 66960          8
   1.0000000000000000     
 OBS          108
   32.450883742284333     
   32.339984660088824     
   0.0000000000000000     
         107         109          -1
obdef
loc1d
   0.6666666600000000
kind
           1
 66960          8
   1.0000000000000000     
 OBS          109
   12.528484810098599     
   13.892282221932504     
   0.0000000000000000     
         108         110          -1
obdef
loc1d
   0.0000000000000000
kind
           1
  2160          9
   1.0000000000000000     
 OBS          110
   9.1204201127730418     
   9.1808334666696982     
   0.0000000000000000     
         109         111          -1
obdef
loc1d
   0.3333333300000000
kind
           1
  2160          9
   1.0000000000000000     
 OBS          111
   39.220597654957260     
   38.464809433872951     
   0.0000000000000000     
         110         112          -1
obdef
loc1d
   0.6666666600000000
kind
           1
  2160          9
   1.0000000000000000     
 OBS          112
   9.4763019455530983     
   9.7255523272808730     
   0.0000000000000000     
         111         113          -1
obdef
loc1d
   0.0000000000000000
kind
           1
 23760          9
   1.0000000000000000     
 OBS          113
   1.5525088835801473     
   1.7109636550123879     
   0.0000000000000000     
         112         114          -1
obdef
loc1d
   0.3333333300000000
kind
           1
 23760          9
   1.0000000000000000     
 OBS          114
   37.262970953842220     
   36.196329894635809     
   0.0000000000000000     
         113         115          -1
obdef
loc1d
   0.6666666600000000
kind
           1
 23760          9
   1.0000000000000000     
 OBS          115
   4.4397763191540696     
   5.3055006594005452     
   0.0000000000000000     
         114         116          -1
obdef
loc1d
   0.0000000000000000
kind
           1
 45360          9
   1.0000000000000000     
 OBS          116
  -2.8723735923998728     
 -0.90184970187215274     
   0.0000000000000000     
         115         117          -1
obdef
loc1d
   0.3333333300000000
kind
           1
 45360          9
   1.0000000000000000     
 OBS          117
   31.257287825643118     
   30.906108418967687     
   0.0000000000000000     
         116         118          -1
obdef
loc1d
   0.6666666600000000
kind
           1
 45360          9
   1.0000000000000000     
 OBS          118
   2.6241948190838458     
   2.4365843030685586     
   0.0000000000000000     
         117         119          -1
obdef
loc1d
   0.0000000000000000
kind
           1
 66960          9
   1.0000000000000000     
 OBS          119
  -1.0737980961746165     
  -1.0078717240946637     
   0.0000000000000000     
         118         120          -1
obdef
loc1d
   0.3333333300000000
kind
           1
 66960          9
   1.0000000000000000     
 OBS          120
   26.461140897370136     
   26.121814410299820     
   0.0000000000000000     
         119         121          -1
obdef
loc1d
   0.6666666600000000
kind
           1
 66960          9
   1.0000000000000000     
 OBS          121
 -0.97519984423423178     
  0.98238866027029825     
   0.0000000000000000     
         120         122          -1
obdef
loc1d
   0.0000000000000000
kind
           1
  2160         10
   1.0000000000000000     
 OBS          122
  -1.4018970536512683     
 -0.61114100140002381     
   0.0000000000000000     
         121         123          -1
obdef
loc1d
   0.3333333300000000
kind
           1
  2160         10
   1.0000000000000000     
 OBS          123
   22.256642766801672     
   22.185984726666341     
   0.0000000000000000     
         122         124          -1
obdef
loc1d
   0.6666666600000000
kind
           1
  2160         10
   1.0000000000000000     
 OBS          124
  0.99423645406254102     
  0.34421827344747968     
   0.0000000000000000     
         123         125          -1
obdef
loc1d
   0.0000000000000000
kind
           1
 23760         10
   1.0000000000000000     
 OBS          125
  -1.5501038662847861     
 -0.31837959351362100     
   0.0000000000000000     
         124         126          -1
obdef
loc1d
   0.3333333300000000
kind
           1
 23760         10
   1.0000000000000000     
 OBS          126
   16.988419175940358     
   18.890164457753141     
   0.0000000000000000     
         125         127          -1
obdef
loc1d
   0.6666666600000000
kind
           1
 23760         10
   1.0000000000000000     
 OBS          127
  0.56694365661456414     
   8.4157850346332011E-002
   0.0000000000000000     
         126         128          -1
obdef
loc1d
   0.0000000000000000
kind
           1
 45360         10
   1.0000000000000000     
 OBS          128
 -0.23100115936808396     
 -0.18527889271129339     
   0.0000000000000000     
         127         129          -1
obdef
loc1d
   0.3333333300000000
kind
           1
 45360         10
   1.0000000000000000     
 OBS          129
   15.553861145366525     
   16.094773628398642     
   0.0000000000000000     
         128         130          -1
obdef
loc1d
   0.6666666600000000
kind
           1
 45360         10
   1.0000000000000000     
 OBS          130
 -0.11402005036928917     
  -2.7649901564177598E-002
   0.0000000000000000     
         129         131          -1
obdef
loc1d
   0.0000000000000000
kind
           1
 66960         10
   1.0000000000000000     
 OBS          131
 -0.24061603703641210     
 -0.16012817952654249     
   0.0000000000000000     
         130         132          -1
obdef
loc1d
   0.3333333300000000
kind
           1
 66960         10
   1.0000000000000000     
 OBS          132
   14.637384798099861     
   13.715134141915867     
   0.0000000000000000     
         131         133          -1
obdef
loc1d
   0.6666666600000000
kind
           1
 66960         10
   1.0000000000000000     
 OBS          133
 -0.78084732305581017     
  -9.6680406840032068E-002
   0.0000000000000000     
         132         134          -1
obdef
loc1d
   0.0000000000000000
kind
           1
  2160         11
   1.0000000000000000     
 OBS          134
  -1.1645625107628454     
 -0.20832104357103418     
   0.0000000000000000     
         133         135          -1
obdef
loc1d
   0.3333333300000000
kind
           1
  2160         11
   1.0000000000000000     
 OBS          135
   10.811906493212145     
   11.688145400273939     
   0.0000000000000000     
         134         136          -1
obdef
loc1d
   0.6666666600000000
kind
           1
  2160         11
   1.0000000000000000     
 OBS          136
  -1.4718065637800628     
 -0.17402758194503454     
   0.0000000000000000     
         135         137          -1
obdef
loc1d
   0.0000000000000000
kind
           1
 23760         11
   1.0000000000000000     
 OBS          137
  -1.4300783733493829     
 -0.33055961671099843     
   0.0000000000000000     
         136         138          -1
obdef
loc1d
   0.3333333300000000
kind
           1
 23760         11
   1.0000000000000000     
 OBS          138
   8.9878995515015152     
   9.9621784786609968     
   0.0000000000000000     
         137         139          -1
obdef
loc1d
   0.6666666600000000
kind
           1
 23760         11
   1.0000000000000000     
 OBS          139
  0.39128485981345318     
 -0.29709067444309445     
   0.0000000000000000     
         138         140          -1
obdef
loc1d
   0.0000000000000000
kind
           1
 45360         11
   1.0000000000000000     
 OBS          140
 -0.97124943755975734     
 -0.56449030172047221     
   0.0000000000000000     
         139         141          -1
obdef
loc1d
   0.3333333300000000
kind
           1
 45360         11
   1.0000000000000000     
 OBS          141
   8.3660839620278793     
   8.4951348734246075     
   0.0000000000000000     
         140         142          -1
obdef
loc1d
   0.6666666600000000
kind
           1
 45360         11
   1.0000000000000000     
 OBS          142
  0.42791909649692172     
 -0.51489503859173791     
   0.0000000000000000     
         141         143          -1
obdef
loc1d
   0.0000000000000000
kind
           1
 66960         11
   1.0000000000000000     
 OBS          143
  0.12245014521874786     
 -0.99754633108203716     
   0.0000000000000000     
         142         144          -1
obdef
loc1d
   0.3333333300000000
kind
           1
 66960         11
   1.0000000000000000     
 OBS          144
   7.4354367307265932     
   7.2565176029045881     
   0.0000000000000000     
         143         145          -1
obdef
loc1d
   0.6666666600000000
kind
           1
 66960         11
   1.0000000000000000     
 OBS          145
 -0.82644996922788039     
 -0.91300731366504706     
   0.0000000000000000     
         144         146          -1
obdef
loc1d
   0.0000000000000000
kind
           1
  2160         12
   1.0000000000000000     
 OBS          146
  -2.1523359307849477     
  -1.8024736854023697     
   0.0000000000000000     
         145         147          -1
obdef
loc1d
   0.3333333300000000
kind
           1
  2160         12
   1.0000000000000000     
 OBS          147
   6.7255338509966949     
   6.2382039880799454     
   0.0000000000000000     
         146         148          -1
obdef
loc1d
   0.6666666600000000
kind
           1
  2160         12
   1.0000000000000000     
 OBS          148
  -1.7213408908424290     
  -1.6515947761874779     
   0.0000000000000000     
         147         149          -1
obdef
loc1d
   0.0000000000000000
kind
           1
 23760         12
   1.0000000000000000     
 OBS          149
  -1.8637269141091153     
  -3.3089312339894619     
   0.0000000000000000     
         148         150          -1
obdef
loc1d
   0.3333333300000000
kind
           1
 23760         12
   1.0000000000000000     
 OBS          150
   5.2862610974012636     
   5.4945296422443795     
   0.0000000000000000     
         149         151          -1
obdef
loc1d
   0.6666666600000000
kind
           1
 23760         12
   1.0000000000000000     
 OBS          151
  -2.3875425915710382     
  -3.0301626906186838     
   0.0000000000000000     
         150         152          -1
obdef
loc1d
   0.0000000000000000
kind
           1
 45360         12
   1.0000000000000000     
 OBS          152
  -5.5244183321586782     
  -6.1204506561772920     
   0.0000000000000000     
         151         153          -1
obdef
loc1d
   0.3333333300000000
kind
           1
 45360         12
   1.0000000000000000     
 OBS          153
   5.3019735064668501     
   5.2841271399731031     
   0.0000000000000000     
         152         154          -1
obdef
loc1d
   0.6666666600000000
kind
           1
 45360         12
   1.0000000000000000     
 OBS          154
  -5.0707182906597534     
  -5.5727110579315866     
   0.0000000000000000     
         153         155          -1
obdef
loc1d
   0.0000000000000000
kind
           1
 66960         12
   1.0000000000000000     
 OBS          155
  -9.9182084935368326     
  -11.177268240389481     
   0.0000000000000000     
         154         156          -1
obdef
loc1d
   0.3333333300000000
kind
           1
 66960         12
   1.0000000000000000     
 OBS          156
   6.4925127759055243     
   6.5416393830156494     
   0.0000000000000000     
         155         157          -1
obdef
loc1d
   0.6666666600000000
kind
           1
 66960         12
   1.0000000000000000     
 OBS          157
  -8.5564918833625381     
  -9.9481060394961744     
   0.0000000000000000     
         156         158          -1
obdef
loc1d
   0.0000000000000000
kind
           1
  2160         13
   1.0000000000000000     
 OBS          158
  -18.390651106421686     
  -18.921999851356237     
   0.0000000000000000     
         157         159          -1
obdef
loc1d
   0.3333333300000000
kind
           1
  2160         13
   1.0000000000000000     
 OBS          159
   11.454278491547763     
   12.087093289918304     
   0.0000000000000000     
         158         160          -1
obdef
loc1d
   0.6666666600000000
kind
           1
  2160         13
   1.0000000000000000     
 OBS          160
  -16.015892251095746     
  -15.711222634380507     
   0.0000000000000000     
         159         161          -1
obdef
loc1d
   0.0000000000000000
kind
           1
 23760         13
   1.0000000000000000     
 OBS          161
  -22.330283989094958     
  -24.476794999962422     
   0.0000000000000000     
         160         162          -1
obdef
loc1d
   0.3333333300000000
kind
           1
 23760         13
   1.0000000000000000     
 OBS          162
   26.549005967032333     
   26.578235386777397     
   0.0000000000000000     
         161         163          -1
obdef
loc1d
   0.6666666600000000
kind
           1
 23760         13
   1.0000000000000000     
 OBS          163
  -19.255952124639780     
  -17.992143885124662     
   0.0000000000000000     
         162         164          -1
obdef
loc1d
   0.0000000000000000
kind
           1
 45360         13
   1.0000000000000000     
 OBS          164
  -13.310900897674594     
  -14.898631482101852     
   0.0000000000000000     
         163         165          -1
obdef
loc1d
   0.3333333300000000
kind
           1
 45360         13
   1.0000000000000000     
 OBS          165
   42.867307586869913     
   43.101742255595610     
   0.0000000000000000     
         164         166          -1
obdef
loc1d
   0.6666666600000000
kind
           1
 45360         13
   1.0000000000000000     
 OBS          166
  -13.929349579196911     
  -12.363417081621094     
   0.0000000000000000     
         165         167          -1
obdef
loc1d
   0.0000000000000000
kind
           1
 66960         13
   1.0000000000000000     
 OBS          167
  0.55734357121273304     
  0.93135861818850441     
   0.0000000000000000     
         166         168          -1
obdef
loc1d
   0.3333333300000000
kind
           1
 66960         13
   1.0000000000000000     
 OBS          168
   40.982699364344079     
   42.499251840046497     
   0.0000000000000000     
         167         169          -1
obdef
loc1d
   0.6666666600000000
kind
           1
 66960         13
   1.0000000000000000     
 OBS          169
  -3.0482678595190889     
  -4.6868625841650182     
   0.0000000000000000     
         168         170          -1
obdef
loc1d
   0.0000000000000000
kind
           1
  2160         14
   1.0000000000000000     
 OBS          170
   3.5798301986143177     
   6.2306955809547304     
   0.0000000000000000     
         169         171          -1
obdef
loc1d
   0.3333333300000000
kind
           1
  2160         14
   1.0000000000000000     
 OBS          171
   34.749635295898592     
   34.355367196174605     
   0.0000000000000000     
         170         172          -1
obdef
loc1d
   0.6666666600000000
kind
           1
  2160         14
   1.0000000000000000     
 OBS          172
 -0.15754657536530403     
  0.33250687763122611     
   0.0000000000000000     
         171         173          -1
obdef
loc1d
   0.0000000000000000
kind
           1
 23760         14
   1.0000000000000000     
 OBS          173
   6.6528067884596434     
   6.3685834543401496     
   0.0000000000000000     
         172         174          -1
obdef
loc1d
   0.3333333300000000
kind
           1
 23760         14
   1.0000000000000000     
 OBS          174
   29.270600218382768     
   28.618280820243999     
   0.0000000000000000     
         173         175          -1
obdef
loc1d
   0.6666666600000000
kind
           1
 23760         14
   1.0000000000000000     
 OBS          175
   1.9893970796747977     
   2.9838685720924527     
   0.0000000000000000     
         174         176          -1
obdef
loc1d
   0.0000000000000000
kind
           1
 45360         14
   1.0000000000000000     
 OBS          176
   5.4855425835805232     
   6.1879326197500886     
   0.0000000000000000     
         175         177          -1
obdef
loc1d
   0.3333333300000000
kind
           1
 45360         14
   1.0000000000000000     
 OBS          177
   27.649817857985802     
   25.021356556657750     
   0.0000000000000000     
         176         178          -1
obdef
loc1d
   0.6666666600000000
kind
           1
 45360         14
   1.0000000000000000     
 OBS          178
   4.8153619842220037     
   4.5432460032006814     
   0.0000000000000000     
         177         179          -1
obdef
loc1d
   0.0000000000000000
kind
           1
 66960         14
   1.0000000000000000     
 OBS          179
   7.2685160614769142     
   6.7926539461385484     
   0.0000000000000000     
         178         180          -1
obdef
loc1d
   0.3333333300000000
kind
           1
 66960         14
   1.0000000000000000     
 OBS          180
   23.012790733818616     
   22.691976762194805     
   0.0000000000000000     
         179         181          -1
obdef
loc1d
   0.6666666600000000
kind
           1
 66960         14
   1.0000000000000000     
 OBS          181
   5.9493598331651221     
   5.8851148601672909     
   0.0000000000000000     
         180         182          -1
obdef
loc1d
   0.0000000000000000
kind
           1
  2160         15
   1.0000000000000000     
 OBS          182
   7.3930971362398115     
   8.2319513229484418     
   0.0000000000000000     
         181         183          -1
obdef
loc1d
   0.3333333300000000
kind
           1
  2160         15
   1.0000000000000000     
 OBS          183
   22.426272949773431     
   21.510093210657715     
   0.0000000000000000     
         182         184          -1
obdef
loc1d
   0.6666666600000000
kind
           1
  2160         15
   1.0000000000000000     
 OBS          184
   5.7961801217115294     
   7.4347401661701245     
   0.0000000000000000     
         183         185          -1
obdef
loc1d
   0.0000000000000000
kind
           1
 23760         15
   1.0000000000000000     
 OBS          185
   9.1114444467797888     
   10.268349260824381     
   0.0000000000000000     
         184         186          -1
obdef
loc1d
   0.3333333300000000
kind
           1
 23760         15
   1.0000000000000000     
 OBS          186
   22.039057939863188     
   21.756712579936590     
   0.0000000000000000     
         185         187          -1
obdef
loc1d
   0.6666666600000000
kind
           1
 23760         15
   1.0000000000000000     
 OBS          187
   7.5228242452865972     
   9.2302328948922021     
   0.0000000000000000     
         186         188          -1
obdef
loc1d
   0.0000000000000000
kind
           1
 45360         15
   1.0000000000000000     
 OBS          188
   13.125459969913788     
   12.259215430711794     
   0.0000000000000000     
         187         189          -1
obdef
loc1d
   0.3333333300000000
kind
           1
 45360         15
   1.0000000000000000     
 OBS          189
   24.001458128897990     
   23.806067379698213     
   0.0000000000000000     
         188         190          -1
obdef
loc1d
   0.6666666600000000
kind
           1
 45360         15
   1.0000000000000000     
 OBS          190
   9.6075049760569389     
   10.848111270648122     
   0.0000000000000000     
         189         191          -1
obdef
loc1d
   0.0000000000000000
kind
           1
 66960         15
   1.0000000000000000     
 OBS          191
   12.548291764822551     
   12.950606314496779     
   0.0000000000000000     
         190         192          -1
obdef
loc1d
   0.3333333300000000
kind
           1
 66960         15
   1.0000000000000000     
 OBS          192
   26.508166821716518     
   27.463344893386587     
   0.0000000000000000     
         191         193          -1
obdef
loc1d
   0.6666666600000000
kind
           1
 66960         15
   1.0000000000000000     
 OBS          193
   10.900094698343569     
   11.469919209466930     
   0.0000000000000000     
         192         194          -1
obdef
loc1d
   0.0000000000000000
kind
           1
  2160         16
   1.0000000000000000     
 OBS          194
   10.541037225513223     
   11.258036419941416     
   0.0000000000000000     
         193         195          -1
obdef
loc1d
   0.3333333300000000
kind
           1
  2160         16
   1.0000000000000000     
 OBS          195
   32.877236494312662     
   31.094581010945650     
   0.0000000000000000     
         194         196          -1
obdef
loc1d
   0.6666666600000000
kind
           1
  2160         16
   1.0000000000000000     
 OBS          196
   10.340360246186172     
   10.578622577727007     
   0.0000000000000000     
         195         197          -1
obdef
loc1d
   0.0000000000000000
kind
           1
 23760         16
   1.0000000000000000     
 OBS          197
   9.2665735592532332     
   7.9852752490887804     
   0.0000000000000000     
         196         198          -1
obdef
loc1d
   0.3333333300000000
kind
           1
 23760         16
   1.0000000000000000     
 OBS          198
   31.616711046131307     
   32.453428855648745     
   0.0000000000000000     
         197         199          -1
obdef
loc1d
   0.6666666600000000
kind
           1
 23760         16
   1.0000000000000000     
 OBS          199
   8.4490457693223746     
   8.6786507566279774     
   0.0000000000000000     
         198         200          -1
obdef
loc1d
   0.0000000000000000
kind
           1
 45360         16
   1.0000000000000000     
 OBS          200
   3.6054608912025907     
   5.2694252994379571     
   0.0000000000000000     
         199         201          -1
obdef
loc1d
   0.3333333300000000
kind
           1
 45360         16
   1.0000000000000000     
 OBS          201
   32.435597860092038     
   31.139124304729744     
   0.0000000000000000     
         200         202          -1
obdef
loc1d
   0.6666666600000000
kind
           1
 45360         16
   1.0000000000000000     
 OBS          202
   8.2057597196223497     
   6.7935338228163076     
   0.0000000000000000     
         201         203          -1
obdef
loc1d
   0.0000000000000000
kind
           1
 66960         16
   1.0000000000000000     
 OBS          203
   1.5037445530409719     
   4.1085625624715272     
   0.0000000000000000     
         202         204          -1
obdef
loc1d
   0.3333333300000000
kind
           1
 66960         16
   1.0000000000000000     
 OBS          204
   29.230266338964086     
   28.476387777327758     
   0.0000000000000000     
         203         205          -1
obdef
loc1d
   0.6666666600000000
kind
           1
 66960         16
   1.0000000000000000     
 OBS          205
   3.6771546490685987     
   5.5675400490792626     
   0.0000000000000000     
         204         206          -1
obdef
loc1d
   0.0000000000000000
kind
           1
  2160         17
   1.0000000000000000     
 OBS          206
   4.4299108858277325     
   4.1971999598518188     
   0.0000000000000000     
         205         207          -1
obdef
loc1d
   0.3333333300000000
kind
           1
  2160         17
   1.0000000000000000     
 OBS          207
   24.757927953854953     
   25.640341534764186     
   0.0000000000000000     
         206         208          -1
obdef
loc1d
   0.6666666600000000
kind
           1
  2160         17
   1.0000000000000000     
 OBS          208
   5.3020178033026948     
   5.1420253044645428     
   0.0000000000000000     
         207         209          -1
obdef
loc1d
   0.0000000000000000
kind
           1
 23760         17
   1.0000000000000000     
 OBS          209
   3.6163565003224480     
   5.0691776341951629     
   0.0000000000000000     
         208         210          -1
obdef
loc1d
   0.3333333300000000
kind
           1
 23760         17
   1.0000000000000000     
 OBS          210
   24.393702117360053     
   23.191346044208714     
   0.0000000000000000     
         209         211          -1
obdef
loc1d
   0.6666666600000000
kind
           1
 23760         17
   1.0000000000000000     
 OBS          211
   3.3847292881848339     
   5.4517076709362291     
   0.0000000000000000     
         210         212          -1
obdef
loc1d
   0.0000000000000000
kind
           1
 45360         17
   1.0000000000000000     
 OBS          212
   6.6717030057370517     
   6.5357495324722841     
   0.0000000000000000     
         211         213          -1
obdef
loc1d
   0.3333333300000000
kind
           1
 45360         17
   1.0000000000000000     
 OBS          213
   22.731613082663777     
   21.442038452417030     
   0.0000000000000000     
         212         214          -1
obdef
loc1d
   0.6666666600000000
kind
           1
 45360         17
   1.0000000000000000     
 OBS          214
   5.2876502020913163     
   6.4246106169782102     
   0.0000000000000000     
         213         215          -1
obdef
loc1d
   0.0000000000000000
kind
           1
 66960         17
   1.0000000000000000     
 OBS          215
   7.5114786958772557     
   8.5663346624343433     
   0.0000000000000000     
         214         216          -1
obdef
loc1d
   0.3333333300000000
kind
           1
 66960         17
   1.0000000000000000     
 OBS          216
   20.082444627745542     
   20.743819926087070     
   0.0000000000000000     
         215         217          -1
obdef
loc1d
   0.6666666600000000
kind
           1
 66960         17
   1.0000000000000000     
 OBS          217
   7.7856471911926315     
   7.9845258832870174     
   0.0000000000000000     
         216         218          -1
obdef
loc1d
   0.0000000000000000
kind
           1
  2160         18
   1.0000000000000000     
 OBS          218
   11.075359039587171     
   10.977055258569713     
   0.0000000000000000     
         217         219          -1
obdef
loc1d
   0.3333333300000000
kind
           1
  2160         18
   1.0000000000000000     
 OBS          219
   22.063632164278339     
   21.594275466198326     
   0.0000000000000000     
         218         220          -1
obdef
loc1d
   0.6666666600000000
kind
           1
  2160         18
   1.0000000000000000     
 OBS          220
   9.6842764040777762     
   9.8767692384992536     
   0.0000000000000000     
         219         221          -1
obdef
loc1d
   0.0000000000000000
kind
           1
 23760         18
   1.0000000000000000     
 OBS          221
   11.652392519519294     
   12.990420714388557     
   0.0000000000000000     
         220         222          -1
obdef
loc1d
   0.3333333300000000
kind
           1
 23760         18
   1.0000000000000000     
 OBS          222
   24.447522762016096     
   24.427111497890387     
   0.0000000000000000     
         221         223          -1
obdef
loc1d
   0.6666666600000000
kind
           1
 23760         18
   1.0000000000000000     
 OBS          223
   12.339777435738650     
   11.414834237717882     
   0.0000000000000000     
         222         224          -1
obdef
loc1d
   0.0000000000000000
kind
           1
 45360         18
   1.0000000000000000     
 OBS          224
   14.290864268775985     
   13.108552914478127     
   0.0000000000000000     
         223         225          -1
obdef
loc1d
   0.3333333300000000
kind
           1
 45360         18
   1.0000000000000000     
 OBS          225
   28.704189920262820     
   28.729163728297653     
   0.0000000000000000     
         224         226          -1
obdef
loc1d
   0.6666666600000000
kind
           1
 45360         18
   1.0000000000000000     
 OBS          226
   12.372527364298602     
   11.623098617716838     
   0.0000000000000000     
         225         227          -1
obdef
loc1d
   0.0000000000000000
kind
           1
 66960         18
   1.0000000000000000     
 OBS          227
   10.388390908687970     
   10.508725244634503     
   0.0000000000000000     
         226         228          -1
obdef
loc1d
   0.3333333300000000
kind
           1
 66960         18
   1.0000000000000000     
 OBS          228
   32.795972700712746     
   32.231574081137275     
   0.0000000000000000     
         227         229          -1
obdef
loc1d
   0.6666666600000000
kind
           1
 66960         18
   1.0000000000000000     
 OBS          229
   9.9629905842746709     
   10.193518067729604     
   0.0000000000000000     
         228         230          -1
obdef
loc1d
   0.0000000000000000
kind
           1
  2160         19
   1.0000000000000000     
 OBS          230
   4.7573823468690364     
   6.8343945474218053     
   0.0000000000000000     
         229         231          -1
obdef
loc1d
   0.3333333300000000
kind
           1
  2160         19
   1.0000000000000000     
 OBS          231
   33.851066954830657     
   32.737829423770833     
   0.0000000000000000     
         230         232          -1
obdef
loc1d
   0.6666666600000000
kind
           1
  2160         19
   1.0000000000000000     
 OBS          232
   8.8505922070302550     
   7.9972959849245306     
   0.0000000000000000     
         231         233          -1
obdef
loc1d
   0.0000000000000000
kind
           1
 23760         19
   1.0000000000000000     
 OBS          233
   4.2088335381862363     
   4.3801690076086492     
   0.0000000000000000     
         232         234          -1
obdef
loc1d
   0.3333333300000000
kind
           1
 23760         19
   1.0000000000000000     
 OBS          234
   30.627782229394299     
   30.648948357848536     
   0.0000000000000000     
         233         235          -1
obdef
loc1d
   0.6666666600000000
kind
           1
 23760         19
   1.0000000000000000     
 OBS          235
   4.8235142863383098     
   6.1234961279332945     
   0.0000000000000000     
         234         236          -1
obdef
loc1d
   0.0000000000000000
kind
           1
 45360         19
   1.0000000000000000     
 OBS          236
   2.9340705894766135     
   3.6307518510759160     
   0.0000000000000000     
         235         237          -1
obdef
loc1d
   0.3333333300000000
kind
           1
 45360         19
   1.0000000000000000     
 OBS          237
   27.295105336098107     
   27.619562634557028     
   0.0000000000000000     
         236         238          -1
obdef
loc1d
   0.6666666600000000
kind
           1
 45360         19
   1.0000000000000000     
 OBS          238
   7.0558600571632866     
   5.0622863993009561     
   0.0000000000000000     
         237         239          -1
obdef
loc1d
   0.0000000000000000
kind
           1
 66960         19
   1.0000000000000000     
 OBS          239
   4.0166325382140498     
   4.0122280930865353     
   0.0000000000000000     
         238         240          -1
obdef
loc1d
   0.3333333300000000
kind
           1
 66960         19
   1.0000000000000000     
 OBS          240
   24.684716845000708     
   24.679002741630516     
   0.0000000000000000     
         239         241          -1
obdef
loc1d
   0.6666666600000000
kind
           1
 66960         19
   1.0000000000000000     
 OBS          241
   5.2730574433364499     
   4.8326537669227161     
   0.0000000000000000     
         240         242          -1
obdef
loc1d
   0.0000000000000000
kind
           1
  2160         20
   1.0000000000000000     
 OBS          242
   2.5118564881009253     
   5.0838071674411047     
   0.0000000000000000     
         241         243          -1
obdef
loc1d
   0.3333333300000000
kind
           1
  2160         20
   1.0000000000000000     
 OBS          243
   22.884109119250994     
   22.248675394650714     
   0.0000000000000000     
         242         244          -1
obdef
loc1d
   0.6666666600000000
kind
           1
  2160         20
   1.0000000000000000     
 OBS          244
   6.4375886722134386     
   5.3350751751817986     
   0.0000000000000000     
         243         245          -1
obdef
loc1d
   0.0000000000000000
kind
           1
 23760         20
   1.0000000000000000     
 OBS          245
   5.6281719251688509     
   6.7425739820042292     
   0.0000000000000000     
         244         246          -1
obdef
loc1d
   0.3333333300000000
kind
           1
 23760         20
   1.0000000000000000     
 OBS          246
   20.397327009056397     
   20.604253160248721     
   0.0000000000000000     
         245         247          -1
obdef
loc1d
   0.6666666600000000
kind
           1
 23760         20
   1.0000000000000000     
 OBS          247
   6.6288614725732735     
   6.5100493032741245     
   0.0000000000000000     
         246         248          -1
obdef
loc1d
   0.0000000000000000
kind
           1
 45360         20
   1.0000000000000000     
 OBS          248
   9.1221477665223443     
   9.0059594546620989     
   0.0000000000000000     
         247         249          -1
obdef
loc1d
   0.3333333300000000
kind
           1
 45360         20
   1.0000000000000000     
 OBS          249
   19.495956170230514     
   20.132467889315965     
   0.0000000000000000     
         248         250          -1
obdef
loc1d
   0.6666666600000000
kind
           1
 45360         20
   1.0000000000000000     
 OBS          250
   9.9523435046449045     
   8.2892993511098503     
   0.0000000000000000     
         249         251          -1
obdef
loc1d
   0.0000000000000000
kind
           1
 66960         20
   1.0000000000000000     
 OBS          251
   11.970738553533423     
   11.643658885893775     
   0.0000000000000000     
         250         252          -1
obdef
loc1d
   0.3333333300000000
kind
           1
 66960         20
   1.0000000000000000     
 OBS          252
   21.408706530690242     
   21.415624557057317     
   0.0000000000000000     
         251         253          -1
obdef
loc1d
   0.6666666600000000
kind
           1
 66960         20
   1.0000000000000000     
 OBS          253
   10.314906666489401     
   10.359569159422570     
   0.0000000000000000     
         252         254          -1
obdef
loc1d
   0.0000000000000000
kind
           1
  2160         21
   1.0000000000000000     
 OBS          254
   13.654340346041765     
   13.652279907279011     
   0.0000000000000000     
         253         255          -1
obdef
loc1d
   0.3333333300000000
kind
           1
  2160         21
   1.0000000000000000     
 OBS          255
   24.917534252057226     
   24.911983365901090     
   0.0000000000000000     
         254         256          -1
obdef
loc1d
   0.6666666600000000
kind
           1
  2160         21
   1.0000000000000000     
 OBS          256
   11.273472041862190     
   11.868866023572146     
   0.0000000000000000     
         255         257          -1
obdef
loc1d
   0.0000000000000000
kind
           1
 23760         21
   1.0000000000000000     
 OBS          257
   13.470257714073410     
   13.242720571724464     
   0.0000000000000000     
         256         258          -1
obdef
loc1d
   0.3333333300000000
kind
           1
 23760         21
   1.0000000000000000     
 OBS          258
   30.530698061838837     
   29.776763735111238     
   0.0000000000000000     
         257         259          -1
obdef
loc1d
   0.6666666600000000
kind
           1
 23760         21
   1.0000000000000000     
 OBS          259
   11.098186878912220     
   11.731824107282609     
   0.0000000000000000     
         258         260          -1
obdef
loc1d
   0.0000000000000000
kind
           1
 45360         21
   1.0000000000000000     
 OBS          260
   9.3890456918442311     
   9.8594048271872765     
   0.0000000000000000     
         259         261          -1
obdef
loc1d
   0.3333333300000000
kind
           1
 45360         21
   1.0000000000000000     
 OBS          261
   34.435927430716092     
   33.142110924852027     
   0.0000000000000000     
         260         262          -1
obdef
loc1d
   0.6666666600000000
kind
           1
 45360         21
   1.0000000000000000     
 OBS          262
   9.2889639373549624     
   9.8599263371062733     
   0.0000000000000000     
         261         263          -1
obdef
loc1d
   0.0000000000000000
kind
           1
 66960         21
   1.0000000000000000     
 OBS          263
   7.2881508758313416     
   5.8883081384097808     
   0.0000000000000000     
         262         264          -1
obdef
loc1d
   0.3333333300000000
kind
           1
 66960         21
   1.0000000000000000     
 OBS          264
   33.965545001824708     
   32.944328758953482     
   0.0000000000000000     
         263         265          -1
obdef
loc1d
   0.6666666600000000
kind
           1
 66960         21
   1.0000000000000000     
 OBS          265
   8.1460109546398751     
   7.4296220476389223     
   0.0000000000000000     
         264         266          -1
obdef
loc1d
   0.0000000000000000
kind
           1
  2160         22
   1.0000000000000000     
 OBS          266
   3.2147517052991632     
   3.6445302527146941     
   0.0000000000000000     
         265         267          -1
obdef
loc1d
   0.3333333300000000
kind
           1
  2160         22
   1.0000000000000000     
 OBS          267
   30.099519208212307     
   30.270864969130383     
   0.0000000000000000     
         266         268          -1
obdef
loc1d
   0.6666666600000000
kind
           1
  2160         22
   1.0000000000000000     
 OBS          268
   5.0697999149764232     
   5.5530809005284452     
   0.0000000000000000     
         267         269          -1
obdef
loc1d
   0.0000000000000000
kind
           1
 23760         22
   1.0000000000000000     
 OBS          269
   4.3652205981241892     
   3.1758387186539174     
   0.0000000000000000     
         268         270          -1
obdef
loc1d
   0.3333333300000000
kind
           1
 23760         22
   1.0000000000000000     
 OBS          270
   27.172422078500375     
   26.962474638640149     
   0.0000000000000000     
         269         271          -1
obdef
loc1d
   0.6666666600000000
kind
           1
 23760         22
   1.0000000000000000     
 OBS          271
   3.7888200417362325     
   4.5924858478505497     
   0.0000000000000000     
         270         272          -1
obdef
loc1d
   0.0000000000000000
kind
           1
 45360         22
   1.0000000000000000     
 OBS          272
   3.7815393220115650     
   3.7365366500694286     
   0.0000000000000000     
         271         273          -1
obdef
loc1d
   0.3333333300000000
kind
           1
 45360         22
   1.0000000000000000     
 OBS          273
   24.166491109611037     
   23.911957965356009     
   0.0000000000000000     
         272         274          -1
obdef
loc1d
   0.6666666600000000
kind
           1
 45360         22
   1.0000000000000000     
 OBS          274
   3.8264895743300755     
   4.4796708411639825     
   0.0000000000000000     
         273         275          -1
obdef
loc1d
   0.0000000000000000
kind
           1
 66960         22
   1.0000000000000000     
 OBS          275
   3.6030490952107339     
   4.9215200914066362     
   0.0000000000000000     
         274         276          -1
obdef
loc1d
   0.3333333300000000
kind
           1
 66960         22
   1.0000000000000000     
 OBS          276
   21.423980728516003     
   21.439974473805997     
   0.0000000000000000     
         275         277          -1
obdef
loc1d
   0.6666666600000000
kind
           1
 66960         22
   1.0000000000000000     
 OBS          277
   2.4600499018676194     
   5.0962715865774992     
   0.0000000000000000     
         276         278          -1
obdef
loc1d
   0.0000000000000000
kind
           1
  2160         23
   1.0000000000000000     
 OBS          278
   6.2897357207251137     
   6.7001151876579472     
   0.0000000000000000     
         277         279          -1
obdef
loc1d
   0.3333333300000000
kind
           1
  2160         23
   1.0000000000000000     
 OBS          279
   20.297602610915039     
   19.792966082569119     
   0.0000000000000000     
         278         280          -1
obdef
loc1d
   0.6666666600000000
kind
           1
  2160         23
   1.0000000000000000     
 OBS          280
   6.7975341663614461     
   6.4023531139292222     
   0.0000000000000000     
         279         281          -1
obdef
loc1d
   0.0000000000000000
kind
           1
 23760         23
   1.0000000000000000     
 OBS          281
   9.8680598575742273     
   9.1482951903195620     
   0.0000000000000000     
         280         282          -1
obdef
loc1d
   0.3333333300000000
kind
           1
 23760         23
   1.0000000000000000     
 OBS          282
   20.100877848720856     
   19.382111083440957     
   0.0000000000000000     
         281         283          -1
obdef
loc1d
   0.6666666600000000
kind
           1
 23760         23
   1.0000000000000000     
 OBS          283
   11.285466106909423     
   8.3574577744360106     
   0.0000000000000000     
         282         284          -1
obdef
loc1d
   0.0000000000000000
kind
           1
 45360         23
   1.0000000000000000     
 OBS          284
   11.872932960362109     
   12.047021103313147     
   0.0000000000000000     
         283         285          -1
obdef
loc1d
   0.3333333300000000
kind
           1
 45360         23
   1.0000000000000000     
 OBS          285
   21.485768942374488     
   20.879509804414880     
   0.0000000000000000     
         284         286          -1
obdef
loc1d
   0.6666666600000000
kind
           1
 45360         23
   1.0000000000000000     
 OBS          286
   9.7329296321211825     
   10.635753823195245     
   0.0000000000000000     
         285         287          -1
obdef
loc1d
   0.0000000000000000
kind
           1
 66960         23
   1.0000000000000000     
 OBS          287
   12.596283065465409     
   14.248951510747272     
   0.0000000000000000     
         286         288          -1
obdef
loc1d
   0.3333333300000000
kind
           1
 66960         23
   1.0000000000000000     
 OBS          288
   25.229456438043890     
   24.860004912280566     
   0.0000000000000000     
         287         289          -1
obdef
loc1d
   0.6666666600000000
kind
           1
 66960         23
   1.0000000000000000     
 OBS          289
   12.312039817748508     
   12.258470753374436     
   0.0000000000000000     
         288         290          -1
obdef
loc1d
   0.0000000000000000
kind
           1
  2160         24
   1.0000000000000000     
 OBS          290
   15.114995632997381     
   13.627992237652915     
   0.0000000000000000     
         289         291          -1
obdef
loc1d
   0.3333333300000000
kind
           1
  2160         24
   1.0000000000000000     
 OBS          291
   30.279579555782522     
   30.342775531296827     
   0.0000000000000000     
         290         292          -1
obdef
loc1d
   0.6666666600000000
kind
           1
  2160         24
   1.0000000000000000     
 OBS          292
   11.640250771180824     
   11.971959246142283     
   0.0000000000000000     
         291         293          -1
obdef
loc1d
   0.0000000000000000
kind
           1
 23760         24
   1.0000000000000000     
 OBS          293
   8.5199791418033044     
   9.6322765778337036     
   0.0000000000000000     
         292         294          -1
obdef
loc1d
   0.3333333300000000
kind
           1
 23760         24
   1.0000000000000000     
 OBS          294
   33.895717690553994     
   33.903196788305813     
   0.0000000000000000     
         293         295          -1
obdef
loc1d
   0.6666666600000000
kind
           1
 23760         24
   1.0000000000000000     
 OBS          295
   9.3261281598062364     
   9.7707840358271820     
   0.0000000000000000     
         294         296          -1
obdef
loc1d
   0.0000000000000000
kind
           1
 45360         24
   1.0000000000000000     
 OBS          296
   4.7929837329603568     
   5.2563779136511402     
   0.0000000000000000     
         295         297          -1
obdef
loc1d
   0.3333333300000000
kind
           1
 45360         24
   1.0000000000000000     
 OBS          297
   34.117683419735343     
   33.347335417741938     
   0.0000000000000000     
         296         298          -1
obdef
loc1d
   0.6666666600000000
kind
           1
 45360         24
   1.0000000000000000     
 OBS          298
   7.6359823116791601     
   7.0831906101535944     
   0.0000000000000000     
         297         299          -1
obdef
loc1d
   0.0000000000000000
kind
           1
 66960         24
   1.0000000000000000     
 OBS          299
   1.6836151659095580     
   3.0031784566957036     
   0.0000000000000000     
         298         300          -1
obdef
loc1d
   0.3333333300000000
kind
           1
 66960         24
   1.0000000000000000     
 OBS          300
   29.237960089915347     
   30.251763467238575     
   0.0000000000000000     
         299         301          -1
obdef
loc1d
   0.6666666600000000
kind
           1
 66960         24
   1.0000000000000000     
 OBS          301
   5.2491657265358844     
   5.1003201632885364     
   0.0000000000000000     
         300         302          -1
obdef
loc1d
   0.0000000000000000
kind
           1
  2160         25
   1.0000000000000000     
 OBS          302
   1.6773445934385030     
   2.6399255355790987     
   0.0000000000000000     
         301         303          -1
obdef
loc1d
   0.3333333300000000
kind
           1
  2160         25
   1.0000000000000000     
 OBS          303
   25.353845204194517     
   26.675985870728223     
   0.0000000000000000     
         302         304          -1
obdef
loc1d
   0.6666666600000000
kind
           1
  2160         25
   1.0000000000000000     
 OBS          304
   4.4882962606033603     
   4.1194078158681044     
   0.0000000000000000     
         303         305          -1
obdef
loc1d
   0.0000000000000000
kind
           1
 23760         25
   1.0000000000000000     
 OBS          305
   1.9372902900215152     
   3.2588080225671665     
   0.0000000000000000     
         304         306          -1
obdef
loc1d
   0.3333333300000000
kind
           1
 23760         25
   1.0000000000000000     
 OBS          306
   24.005844462555970     
   23.454361342803583     
   0.0000000000000000     
         305         307          -1
obdef
loc1d
   0.6666666600000000
kind
           1
 23760         25
   1.0000000000000000     
 OBS          307
   3.2205509575032418     
   4.0067135200470441     
   0.0000000000000000     
         306         308          -1
obdef
loc1d
   0.0000000000000000
kind
           1
 45360         25
   1.0000000000000000     
 OBS          308
   5.6864142641543713     
   4.4467331473052214     
   0.0000000000000000     
         307         309          -1
obdef
loc1d
   0.3333333300000000
kind
           1
 45360         25
   1.0000000000000000     
 OBS          309
   22.150110262210717     
   20.832662679884354     
   0.0000000000000000     
         308         310          -1
obdef
loc1d
   0.6666666600000000
kind
           1
 45360         25
   1.0000000000000000     
 OBS          310
   4.3918284875668929     
   4.6198744106447940     
   0.0000000000000000     
         309         311          -1
obdef
loc1d
   0.0000000000000000
kind
           1
 66960         25
   1.0000000000000000     
 OBS          311
   6.2286037090962090     
   6.2184292878130822     
   0.0000000000000000     
         310         312          -1
obdef
loc1d
   0.3333333300000000
kind
           1
 66960         25
   1.0000000000000000     
 OBS          312
   19.553943694013057     
   19.009902347498258     
   0.0000000000000000     
         311         313          -1
obdef
loc1d
   0.6666666600000000
kind
           1
 66960         25
   1.0000000000000000     
 OBS          313
   4.9949699244481049     
   5.9344938169837516     
   0.0000000000000000     
         312         314          -1
obdef
loc1d
   0.0000000000000000
kind
           1
  2160         26
   1.0000000000000000     
 OBS          314
   9.3711915180140846     
   8.7311659133284625     
   0.0000000000000000     
         313         315          -1
obdef
loc1d
   0.3333333300000000
kind
           1
  2160         26
   1.0000000000000000     
 OBS          315
   17.825203259702970     
   18.373926895886498     
   0.0000000000000000     
         314         316          -1
obdef
loc1d
   0.6666666600000000
kind
           1
  2160         26
   1.0000000000000000     
 OBS          316
   7.7662944131526750     
   7.9690265505187838     
   0.0000000000000000     
         315         317          -1
obdef
loc1d
   0.0000000000000000
kind
           1
 23760         26
   1.0000000000000000     
 OBS          317
   10.880295171871611     
   11.903322329118563     
   0.0000000000000000     
         316         318          -1
obdef
loc1d
   0.3333333300000000
kind
           1
 23760         26
   1.0000000000000000     
 OBS          318
   18.822040118552692     
   19.650674345965385     
   0.0000000000000000     
         317         319          -1
obdef
loc1d
   0.6666666600000000
kind
           1
 23760         26
   1.0000000000000000     
 OBS          319
   10.255595485425063     
   10.492558658460034     
   0.0000000000000000     
         318         320          -1
obdef
loc1d
   0.0000000000000000
kind
           1
 45360         26
   1.0000000000000000     
 OBS          320
   13.461660405657103     
   14.689919924323203     
   0.0000000000000000     
         319         321          -1
obdef
loc1d
   0.3333333300000000
kind
           1
 45360         26
   1.0000000000000000     
 OBS          321
   24.173156715732908     
   23.683646042044089     
   0.0000000000000000     
         320         322          -1
obdef
loc1d
   0.6666666600000000
kind
           1
 45360         26
   1.0000000000000000     
 OBS          322
   12.166092008613898     
   12.533196850112923     
   0.0000000000000000     
         321         323          -1
obdef
loc1d
   0.0000000000000000
kind
           1
 66960         26
   1.0000000000000000     
 OBS          323
   13.929252689467171     
   14.618461642309688     
   0.0000000000000000     
         322         324          -1
obdef
loc1d
   0.3333333300000000
kind
           1
 66960         26
   1.0000000000000000     
 OBS          324
   29.554787113232802     
   29.887929370761153     
   0.0000000000000000     
         323         325          -1
obdef
loc1d
   0.6666666600000000
kind
           1
 66960         26
   1.0000000000000000     
 OBS          325
   12.460301462678590     
   12.545520807397580     
   0.0000000000000000     
         324         326          -1
obdef
loc1d
   0.0000000000000000
kind
           1
  2160         27
   1.0000000000000000     
 OBS          326
   9.5208486062739315     
   10.374985380189871     
   0.0000000000000000     
         325         327          -1
obdef
loc1d
   0.3333333300000000
kind
           1
  2160         27
   1.0000000000000000     
 OBS          327
   35.334224004128430     
   34.479926511152208     
   0.0000000000000000     
         326         328          -1
obdef
loc1d
   0.6666666600000000
kind
           1
  2160         27
   1.0000000000000000     
 OBS          328
   11.349116516660715     
   10.224169331908918     
   0.0000000000000000     
         327         329          -1
obdef
loc1d
   0.0000000000000000
kind
           1
 23760         27
   1.0000000000000000     
 OBS          329
   7.2692965895873671     
   5.2078833024095799     
   0.0000000000000000     
         328         330          -1
obdef
loc1d
   0.3333333300000000
kind
           1
 23760         27
   1.0000000000000000     
 OBS          330
   32.877453663558505     
   34.287005021599512     
   0.0000000000000000     
         329         331          -1
obdef
loc1d
   0.6666666600000000
kind
           1
 23760         27
   1.0000000000000000     
 OBS          331
   7.6552606684784621     
   7.1690539550930339     
   0.0000000000000000     
         330         332          -1
obdef
loc1d
   0.0000000000000000
kind
           1
 45360         27
   1.0000000000000000     
 OBS          332
   1.2387953363269155     
   2.4580639355345744     
   0.0000000000000000     
         331         333          -1
obdef
loc1d
   0.3333333300000000
kind
           1
 45360         27
   1.0000000000000000     
 OBS          333
   30.488412864590426     
   30.958122321364204     
   0.0000000000000000     
         332         334          -1
obdef
loc1d
   0.6666666600000000
kind
           1
 45360         27
   1.0000000000000000     
 OBS          334
   2.9177472407890193     
   4.8542417744010811     
   0.0000000000000000     
         333         335          -1
obdef
loc1d
   0.0000000000000000
kind
           1
 66960         27
   1.0000000000000000     
 OBS          335
   1.4798945860978836     
   1.9336616847022658     
   0.0000000000000000     
         334         336          -1
obdef
loc1d
   0.3333333300000000
kind
           1
 66960         27
   1.0000000000000000     
 OBS          336
   24.946515481735577     
   27.055865738824572     
   0.0000000000000000     
         335         337          -1
obdef
loc1d
   0.6666666600000000
kind
           1
 66960         27
   1.0000000000000000     
 OBS          337
   3.1751077237524203     
   3.6455445684462413     
   0.0000000000000000     
         336         338          -1
obdef
loc1d
   0.0000000000000000
kind
           1
  2160         28
   1.0000000000000000     
 OBS          338
   3.3379086510240312     
   2.4676390105852533     
   0.0000000000000000     
         337         339          -1
obdef
loc1d
   0.3333333300000000
kind
           1
  2160         28
   1.0000000000000000     
 OBS          339
   23.902358266527770     
   23.546481728043325     
   0.0000000000000000     
         338         340          -1
obdef
loc1d
   0.6666666600000000
kind
           1
  2160         28
   1.0000000000000000     
 OBS          340
   1.0930633928491176     
   3.3580592775687443     
   0.0000000000000000     
         339         341          -1
obdef
loc1d
   0.0000000000000000
kind
           1
 23760         28
   1.0000000000000000     
 OBS          341
   3.0373236321634622     
   3.5148589959069572     
   0.0000000000000000     
         340         342          -1
obdef
loc1d
   0.3333333300000000
kind
           1
 23760         28
   1.0000000000000000     
 OBS          342
   20.728120745721860     
   20.627761086248739     
   0.0000000000000000     
         341         343          -1
obdef
loc1d
   0.6666666600000000
kind
           1
 23760         28
   1.0000000000000000     
 OBS          343
   4.5636527731449847     
   3.7919024081500514     
   0.0000000000000000     
         342         344          -1
obdef
loc1d
   0.0000000000000000
kind
           1
 45360         28
   1.0000000000000000     
 OBS          344
   4.3369982032924428     
   5.0691169081856140     
   0.0000000000000000     
         343         345          -1
obdef
loc1d
   0.3333333300000000
kind
           1
 45360         28
   1.0000000000000000     
 OBS          345
   19.602468391883303     
   18.413528138515197     
   0.0000000000000000     
         344         346          -1
obdef
loc1d
   0.6666666600000000
kind
           1
 45360         28
   1.0000000000000000     
 OBS          346
   4.1514246833787940     
   4.9032671017168958     
   0.0000000000000000     
         345         347          -1
obdef
loc1d
   0.0000000000000000
kind
           1
 66960         28
   1.0000000000000000     
 OBS          347
   8.7536511691316115     
   7.3594967782823559     
   0.0000000000000000     
         346         348          -1
obdef
loc1d
   0.3333333300000000
kind
           1
 66960         28
   1.0000000000000000     
 OBS          348
   16.280507362546164     
   17.174954574362026     
   0.0000000000000000     
         347         349          -1
obdef
loc1d
   0.6666666600000000
kind
           1
 66960         28
   1.0000000000000000     
 OBS          349
   7.5622418610505502     
   6.7741249441068891     
   0.0000000000000000     
         348         350          -1
obdef
loc1d
   0.0000000000000000
kind
           1
  2160         29
   1.0000000000000000     
 OBS          350
   12.739110914821795     
   10.569802775907748     
   0.0000000000000000     
         349         351          -1
obdef
loc1d
   0.3333333300000000
kind
           1
  2160         29
   1.0000000000000000     
 OBS          351
   15.453714566048765     
   17.533945612403475     
   0.0000000000000000     
         350         352          -1
obdef
loc1d
   0.6666666600000000
kind
           1
  2160         29
   1.0000000000000000     
 OBS          352
   9.6911834160891352     
   9.4070942653756138     
   0.0000000000000000     
         351         353          -1
obdef
loc1d
   0.0000000000000000
kind
           1
 23760         29
   1.0000000000000000     
 OBS          353
   13.166842474352682     
   14.234612455570147     
   0.0000000000000000     
         352         354          -1
obdef
loc1d
   0.3333333300000000
kind
           1
 23760         29
   1.0000000000000000     
 OBS          354
   22.007722743754304     
   20.571488248044822     
   0.0000000000000000     
         353         355          -1
obdef
loc1d
   0.6666666600000000
kind
           1
 23760         29
   1.0000000000000000     
 OBS          355
   12.314763574711204     
   12.198205142827494     
   0.0000000000000000     
         354         356          -1
obdef
loc1d
   0.0000000000000000
kind
           1
 45360         29
   1.0000000000000000     
 OBS          356
   16.689000517219061     
   16.140985543849506     
   0.0000000000000000     
         355         357          -1
obdef
loc1d
   0.3333333300000000
kind
           1
 45360         29
   1.0000000000000000     
 OBS          357
   28.555230310648895     
   26.927758263569807     
   0.0000000000000000     
         356         358          -1
obdef
loc1d
   0.6666666600000000
kind
           1
 45360         29
   1.0000000000000000     
 OBS          358
   13.436422099066418     
   13.447927430553804     
   0.0000000000000000     
         357         359          -1
obdef
loc1d
   0.0000000000000000
kind
           1
 66960         29
   1.0000000000000000     
 OBS          359
   12.886995125137510     
   13.151942352092604     
   0.0000000000000000     
         358         360          -1
obdef
loc1d
   0.3333333300000000
kind
           1
 66960         29
   1.0000000000000000     
 OBS          360
   35.526442570303921     
   33.861005126094085     
   0.0000000000000000     
         359         361          -1
obdef
loc1d
   0.6666666600000000
kind
           1
 66960         29
   1.0000000000000000     
 OBS          361
   11.771733291524024     
   11.751609275299636     
   0.0000000000000000     
         360         362          -1
obdef
loc1d
   0.0000000000000000
kind
           1
  2160         30
   1.0000000000000000     
 OBS          362
   9.2750266849400589     
   6.8057738804705448     
   0.0000000000000000     
         361         363          -1
obdef
loc1d
   0.3333333300000000
kind
           1
  2160         30
   1.0000000000000000     
 OBS          363
   36.882439862423979     
   35.973435037982071     
   0.0000000000000000     
         362         364          -1
obdef
loc1d
   0.6666666600000000
kind
           1
  2160         30
   1.0000000000000000     
 OBS          364
   8.2090859463940067     
   8.2849456090588784     
   0.0000000000000000     
         363         365          -1
obdef
loc1d
   0.0000000000000000
kind
           1
 23760         30
   1.0000000000000000     
 OBS          365
   3.4106181197668199     
   2.3835038263321846     
   0.0000000000000000     
         364         366          -1
obdef
loc1d
   0.3333333300000000
kind
           1
 23760         30
   1.0000000000000000     
 OBS          366
   33.280766152446354     
   33.079236391789138     
   0.0000000000000000     
         365         367          -1
obdef
loc1d
   0.6666666600000000
kind
           1
 23760         30
   1.0000000000000000     
 OBS          367
   6.2294266601061352     
   5.2017847702822539     
   0.0000000000000000     
         366         368          -1
obdef
loc1d
   0.0000000000000000
kind
           1
 45360         30
   1.0000000000000000     
 OBS          368
  0.26460121730224173     
   1.0534477734825869     
   0.0000000000000000     
         367         369          -1
obdef
loc1d
   0.3333333300000000
kind
           1
 45360         30
   1.0000000000000000     
 OBS          369
   29.423066928069961     
   28.754738964692777     
   0.0000000000000000     
         368         370          -1
obdef
loc1d
   0.6666666600000000
kind
           1
 45360         30
   1.0000000000000000     
 OBS          370
   4.5223366033855781     
   3.3538263313486274     
   0.0000000000000000     
         369         371          -1
obdef
loc1d
   0.0000000000000000
kind
           1
 66960         30
   1.0000000000000000     
 OBS          371
 -0.23390740958409895     
   1.2733054010221623     
   0.0000000000000000     
         370         372          -1
obdef
loc1d
   0.3333333300000000
kind
           1
 66960         30
   1.0000000000000000     
 OBS          372
   25.957423977007643     
   24.752146125355029     
   0.0000000000000000     
         371         373          -1
obdef
loc1d
   0.6666666600000000
kind
           1
 66960         30
   1.0000000000000000     
 OBS          373
   1.2438022566671925     
   2.5920468673348727     
   0.0000000000000000     
         372         374          -1
obdef
loc1d
   0.0000000000000000
kind
           1
  2160         31
   1.0000000000000000     
 OBS          374
   3.2504693239671059     
   2.0302663426499437     
   0.0000000000000000     
         373         375          -1
obdef
loc1d
   0.3333333300000000
kind
           1
  2160         31
   1.0000000000000000     
 OBS          375
   21.208636402857824     
   21.351086642428253     
   0.0000000000000000     
         374         376          -1
obdef
loc1d
   0.6666666600000000
kind
           1
  2160         31
   1.0000000000000000     
 OBS          376
   2.5683412511937140     
   2.5933683011390336     
   0.0000000000000000     
         375         377          -1
obdef
loc1d
   0.0000000000000000
kind
           1
 23760         31
   1.0000000000000000     
 OBS          377
   2.3361410129631786     
   3.1106962003635981     
   0.0000000000000000     
         376         378          -1
obdef
loc1d
   0.3333333300000000
kind
           1
 23760         31
   1.0000000000000000     
 OBS          378
   18.981007235033140     
   18.553598578203356     
   0.0000000000000000     
         377         379          -1
obdef
loc1d
   0.6666666600000000
kind
           1
 23760         31
   1.0000000000000000     
 OBS          379
   4.1433280395682743     
   3.1939652243807606     
   0.0000000000000000     
         378         380          -1
obdef
loc1d
   0.0000000000000000
kind
           1
 45360         31
   1.0000000000000000     
 OBS          380
   3.4161541267719375     
   4.6904227669039180     
   0.0000000000000000     
         379         381          -1
obdef
loc1d
   0.3333333300000000
kind
           1
 45360         31
   1.0000000000000000     
 OBS          381
   15.891290519648626     
   16.426190469960595     
   0.0000000000000000     
         380         382          -1
obdef
loc1d
   0.6666666600000000
kind
           1
 45360         31
   1.0000000000000000     
 OBS          382
   4.8861564947874800     
   4.4300682277368999     
   0.0000000000000000     
         381         383          -1
obdef
loc1d
   0.0000000000000000
kind
           1
 66960         31
   1.0000000000000000     
 OBS          383
   7.0443102146826435     
   7.1109934669300365     
   0.0000000000000000     
         382         384          -1
obdef
loc1d
   0.3333333300000000
kind
           1
 66960         31
   1.0000000000000000     
 OBS          384
   16.285608268478253     
   15.232794898702650     
   0.0000000000000000     
         383         385          -1
obdef
loc1d
   0.6666666600000000
kind
           1
 66960         31
   1.0000000000000000     
 OBS          385
   6.4703214868847576     
   6.4811530856194857     
   0.0000000000000000     
         384         386          -1
obdef
loc1d
   0.0000000000000000
kind
           1
  2160         32
   1.0000000000000000     
 OBS          386
   8.6623944176800745     
   10.688260371123876     
   0.0000000000000000     
         385         387          -1
obdef
loc1d
   0.3333333300000000
kind
           1
  2160         32
   1.0000000000000000     
 OBS          387
   16.166528280909663     
   15.665925188499775     
   0.0000000000000000     
         386         388          -1
obdef
loc1d
   0.6666666600000000
kind
           1
  2160         32
   1.0000000000000000     
 OBS          388
   8.9699693561612133     
   9.4624818945770031     
   0.0000000000000000     
         387         389          -1
obdef
loc1d
   0.0000000000000000
kind
           1
 23760         32
   1.0000000000000000     
 OBS          389
   14.501967313321170     
   15.053135667357354     
   0.0000000000000000     
         388         390          -1
obdef
loc1d
   0.3333333300000000
kind
           1
 23760         32
   1.0000000000000000     
 OBS          390
   18.015952002454021     
   19.103634814390254     
   0.0000000000000000     
         389         391          -1
obdef
loc1d
   0.6666666600000000
kind
           1
 23760         32
   1.0000000000000000     
 OBS          391
   12.859128665664921     
   12.773537628868503     
   0.0000000000000000     
         390         392          -1
obdef
loc1d
   0.0000000000000000
kind
           1
 45360         32
   1.0000000000000000     
 OBS          392
   18.086369594364129     
   17.557678679598872     
   0.0000000000000000     
         391         393          -1
obdef
loc1d
   0.3333333300000000
kind
           1
 45360         32
   1.0000000000000000     
 OBS          393
   26.678610834479979     
   26.701488748239033     
   0.0000000000000000     
         392         394          -1
obdef
loc1d
   0.6666666600000000
kind
           1
 45360         32
   1.0000000000000000     
 OBS          394
   13.575458215280518     
   14.288571229689595     
   0.0000000000000000     
         393         395          -1
obdef
loc1d
   0.0000000000000000
kind
           1
 66960         32
   1.0000000000000000     
 OBS          395
   13.081058058373467     
   13.840725942154158     
   0.0000000000000000     
         394         396          -1
obdef
loc1d
   0.3333333300000000
kind
           1
 66960         32
   1.0000000000000000     
 OBS          396
   36.028664107633929     
   35.214290794483553     
   0.0000000000000000     
         395         397          -1
obdef
loc1d
   0.6666666600000000
kind
           1
 66960         32
   1.0000000000000000     
 OBS          397
   11.597052975758510     
   12.122903232401224     
   0.0000000000000000     
         396         398          -1
obdef
loc1d
   0.0000000000000000
kind
           1
  2160         33
   1.0000000000000000     
 OBS          398
   6.2371553554502297     
   5.9443374021582684     
   0.0000000000000000     
         397         399          -1
obdef
loc1d
   0.3333333300000000
kind
           1
  2160         33
   1.0000000000000000     
 OBS          399
   37.084111056575381     
   37.417386833392008     
   0.0000000000000000     
         398         400          -1
obdef
loc1d
   0.6666666600000000
kind
           1
  2160         33
   1.0000000000000000     
 OBS          400
   8.6340464548951203     
   7.9158840564755755     
   0.0000000000000000     
         399         401          -1
obdef
loc1d
   0.0000000000000000
kind
           1
 23760         33
   1.0000000000000000     
 OBS          401
  0.22910384704241105     
  0.95916444833537151     
   0.0000000000000000     
         400         402          -1
obdef
loc1d
   0.3333333300000000
kind
           1
 23760         33
   1.0000000000000000     
 OBS          402
   33.090950601920902     
   33.639175320395701     
   0.0000000000000000     
         401         403          -1
obdef
loc1d
   0.6666666600000000
kind
           1
 23760         33
   1.0000000000000000     
 OBS          403
   3.4179264517653478     
   4.3731094364202256     
   0.0000000000000000     
         402         404          -1
obdef
loc1d
   0.0000000000000000
kind
           1
 45360         33
   1.0000000000000000     
 OBS          404
 -0.84331741406712779     
 -0.27954131000136057     
   0.0000000000000000     
         403         405          -1
obdef
loc1d
   0.3333333300000000
kind
           1
 45360         33
   1.0000000000000000     
 OBS          405
   28.052071174762318     
   28.719427789973167     
   0.0000000000000000     
         404         406          -1
obdef
loc1d
   0.6666666600000000
kind
           1
 45360         33
   1.0000000000000000     
 OBS          406
  0.82623010557466081     
   2.3148249698301511     
   0.0000000000000000     
         405         407          -1
obdef
loc1d
   0.0000000000000000
kind
           1
 66960         33
   1.0000000000000000     
 OBS          407
  0.82129792565103554     
  -2.5714309857057940E-002
   0.0000000000000000     
         406         408          -1
obdef
loc1d
   0.3333333300000000
kind
           1
 66960         33
   1.0000000000000000     
 OBS          408
   23.733819373007872     
   24.434495854380820     
   0.0000000000000000     
         407         409          -1
obdef
loc1d
   0.6666666600000000
kind
           1
 66960         33
   1.0000000000000000     
 OBS          409
   2.0953832159405201     
   1.3936711178044601     
   0.0000000000000000     
         408         410          -1
obdef
loc1d
   0.0000000000000000
kind
           1
  2160         34
   1.0000000000000000     
 OBS          410
   4.0918312690520264E-002
  0.51968127566329270     
   0.0000000000000000     
         409         411          -1
obdef
loc1d
   0.3333333300000000
kind
           1
  2160         34
   1.0000000000000000     
 OBS          411
   22.869862693982540     
   20.844058901338336     
   0.0000000000000000     
         410         412          -1
obdef
loc1d
   0.6666666600000000
kind
           1
  2160         34
   1.0000000000000000     
 OBS          412
  0.59100567347230892     
   1.1437507758500414     
   0.0000000000000000     
         411         413          -1
obdef
loc1d
   0.0000000000000000
kind
           1
 23760         34
   1.0000000000000000     
 OBS          413
 -0.94657979722575658     
   1.1076017948754255     
   0.0000000000000000     
         412         414          -1
obdef
loc1d
   0.3333333300000000
kind
           1
 23760         34
   1.0000000000000000     
 OBS          414
   17.386034124213548     
   17.817063215773640     
   0.0000000000000000     
         413         415          -1
obdef
loc1d
   0.6666666600000000
kind
           1
 23760         34
   1.0000000000000000     
 OBS          415
  0.34490521045009037     
   1.3010535040293254     
   0.0000000000000000     
         414         416          -1
obdef
loc1d
   0.0000000000000000
kind
           1
 45360         34
   1.0000000000000000     
 OBS          416
   1.5945700306698567     
   1.8444471904626072     
   0.0000000000000000     
         415         417          -1
obdef
loc1d
   0.3333333300000000
kind
           1
 45360         34
   1.0000000000000000     
 OBS          417
   14.166478406481314     
   15.280537983326834     
   0.0000000000000000     
         416         418          -1
obdef
loc1d
   0.6666666600000000
kind
           1
 45360         34
   1.0000000000000000     
 OBS          418
   2.0307667174407764     
   1.8039372997116421     
   0.0000000000000000     
         417         419          -1
obdef
loc1d
   0.0000000000000000
kind
           1
 66960         34
   1.0000000000000000     
 OBS          419
   3.1556599764671529     
   2.9662499355822614     
   0.0000000000000000     
         418         420          -1
obdef
loc1d
   0.3333333300000000
kind
           1
 66960         34
   1.0000000000000000     
 OBS          420
   14.197037426769880     
   13.225202775734273     
   0.0000000000000000     
         419         421          -1
obdef
loc1d
   0.6666666600000000
kind
           1
 66960         34
   1.0000000000000000     
 OBS          421
   1.4584305942788920     
   2.7530455602562691     
   0.0000000000000000     
         420         422          -1
obdef
loc1d
   0.0000000000000000
kind
           1
  2160         35
   1.0000000000000000     
 OBS          422
   4.8385090102321202     
   4.8288990778442527     
   0.0000000000000000     
         421         423          -1
obdef
loc1d
   0.3333333300000000
kind
           1
  2160         35
   1.0000000000000000     
 OBS          423
   12.286283478803009     
   11.756103021680346     
   0.0000000000000000     
         422         424          -1
obdef
loc1d
   0.6666666600000000
kind
           1
  2160         35
   1.0000000000000000     
 OBS          424
   5.3825499114203996     
   4.4032105677020255     
   0.0000000000000000     
         423         425          -1
obdef
loc1d
   0.0000000000000000
kind
           1
 23760         35
   1.0000000000000000     
 OBS          425
   8.1371302005476043     
   7.9462806566199111     
   0.0000000000000000     
         424         426          -1
obdef
loc1d
   0.3333333300000000
kind
           1
 23760         35
   1.0000000000000000     
 OBS          426
   11.366282562721139     
   11.272992243502909     
   0.0000000000000000     
         425         427          -1
obdef
loc1d
   0.6666666600000000
kind
           1
 23760         35
   1.0000000000000000     
 OBS          427
   6.8370797607164855     
   7.1382512589579523     
   0.0000000000000000     
         426         428          -1
obdef
loc1d
   0.0000000000000000
kind
           1
 45360         35
   1.0000000000000000     
 OBS          428
   11.761776573619239     
   12.801705312698729     
   0.0000000000000000     
         427         429          -1
obdef
loc1d
   0.3333333300000000
kind
           1
 45360         35
   1.0000000000000000     
 OBS          429
   14.042468977409488     
   12.919452703782248     
   0.0000000000000000     
         428         430          -1
obdef
loc1d
   0.6666666600000000
kind
           1
 45360         35
   1.0000000000000000     
 OBS          430
   11.383980863786283     
   11.145237965893834     
   0.0000000000000000     
         429         431          -1
obdef
loc1d
   0.0000000000000000
kind
           1
 66960         35
   1.0000000000000000     
 OBS          431
   19.077316846586331     
   18.522243707893875     
   0.0000000000000000     
         430         432          -1
obdef
loc1d
   0.3333333300000000
kind
           1
 66960         35
   1.0000000000000000     
 OBS          432
   20.106409154918651     
   19.100584211605387     
   0.0000000000000000     
         431         433          -1
obdef
loc1d
   0.6666666600000000
kind
           1
 66960         35
   1.0000000000000000     
 OBS          433
   15.521334704175827     
   15.115383656466978     
   0.0000000000000000     
         432         434          -1
obdef
loc1d
   0.0000000000000000
kind
           1
  2160         36
   1.0000000000000000     
 OBS          434
   20.689863933167558     
   19.690539858200694     
   0.0000000000000000     
         433         435          -1
obdef
loc1d
   0.3333333300000000
kind
           1
  2160         36
   1.0000000000000000     
 OBS          435
   31.829531611215934     
   31.014199365526714     
   0.0000000000000000     
         434         436          -1
obdef
loc1d
   0.6666666600000000
kind
           1
  2160         36
   1.0000000000000000     
 OBS          436
   15.923792252773529     
   15.275035593312388     
   0.0000000000000000     
         435         437          -1
obdef
loc1d
   0.0000000000000000
kind
           1
 23760         36
   1.0000000000000000     
 OBS          437
   11.123576239378734     
   10.748642347810692     
   0.0000000000000000     
         436         438          -1
obdef
loc1d
   0.3333333300000000
kind
           1
 23760         36
   1.0000000000000000     
 OBS          438
   40.882073815605906     
   40.193754305899859     
   0.0000000000000000     
         437         439          -1
obdef
loc1d
   0.6666666600000000
kind
           1
 23760         36
   1.0000000000000000     
 OBS          439
   10.326702068044170     
   10.546571597809738     
   0.0000000000000000     
         438         440          -1
obdef
loc1d
   0.0000000000000000
kind
           1
 45360         36
   1.0000000000000000     
 OBS          440
   1.0459599847268652     
  0.85663337531250094     
   0.0000000000000000     
         439         441          -1
obdef
loc1d
   0.3333333300000000
kind
           1
 45360         36
   1.0000000000000000     
 OBS          441
   39.561784003992848     
   38.244957411113397     
   0.0000000000000000     
         440         442          -1
obdef
loc1d
   0.6666666600000000
kind
           1
 45360         36
   1.0000000000000000     
 OBS          442
   4.4911909319651224     
   5.1124608389259985     
   0.0000000000000000     
         441         443          -1
obdef
loc1d
   0.0000000000000000
kind
           1
 66960         36
   1.0000000000000000     
 OBS          443
  -3.1922059770161417     
  -2.5718757830314929     
   0.0000000000000000     
         442         444          -1
obdef
loc1d
   0.3333333300000000
kind
           1
 66960         36
   1.0000000000000000     
 OBS          444
   32.123765210492081     
   32.093184816136429     
   0.0000000000000000     
         443         445          -1
obdef
loc1d
   0.6666666600000000
kind
           1
 66960         36
   1.0000000000000000     
 OBS          445
   2.4001053076413776     
   1.5518060294477312     
   0.0000000000000000     
         444         446          -1
obdef
loc1d
   0.0000000000000000
kind
           1
  2160         37
   1.0000000000000000     
 OBS          446
  -3.0725426919893648     
  -2.7607754154175415     
   0.0000000000000000     
         445         447          -1
obdef
loc1d
   0.3333333300000000
kind
           1
  2160         37
   1.0000000000000000     
 OBS          447
   28.148539446793034     
   26.872304781673179     
   0.0000000000000000     
         446         448          -1
obdef
loc1d
   0.6666666600000000
kind
           1
  2160         37
   1.0000000000000000     
 OBS          448
   8.4016800416361725E-002
 -0.32812203925188310     
   0.0000000000000000     
         447         449          -1
obdef
loc1d
   0.0000000000000000
kind
           1
 23760         37
   1.0000000000000000     
 OBS          449
  -1.5885764403821816     
  -2.5456964511415738     
   0.0000000000000000     
         448         450          -1
obdef
loc1d
   0.3333333300000000
kind
           1
 23760         37
   1.0000000000000000     
 OBS          450
   22.157549461456295     
   22.828220957240362     
   0.0000000000000000     
         449         451          -1
obdef
loc1d
   0.6666666600000000
kind
           1
 23760         37
   1.0000000000000000     
 OBS          451
  -1.2657284962842459     
  -1.3608058704129498     
   0.0000000000000000     
         450         452          -1
obdef
loc1d
   0.0000000000000000
kind
           1
 45360         37
   1.0000000000000000     
 OBS          452
  -2.5867908082094782     
  -2.7715318617238816     
   0.0000000000000000     
         451         453          -1
obdef
loc1d
   0.3333333300000000
kind
           1
 45360         37
   1.0000000000000000     
 OBS          453
   19.790690289664177     
   19.584856899147166     
   0.0000000000000000     
         452         454          -1
obdef
loc1d
   0.6666666600000000
kind
           1
 45360         37
   1.0000000000000000     
 OBS          454
  -1.0901944645458697     
  -2.1827911476662702     
   0.0000000000000000     
         453         455          -1
obdef
loc1d
   0.0000000000000000
kind
           1
 66960         37
   1.0000000000000000     
 OBS          455
  -2.9729739977820993     
  -3.6310218867117152     
   0.0000000000000000     
         454         456          -1
obdef
loc1d
   0.3333333300000000
kind
           1
 66960         37
   1.0000000000000000     
 OBS          456
   17.166766744732250     
   17.004083411302002     
   0.0000000000000000     
         455         457          -1
obdef
loc1d
   0.6666666600000000
kind
           1
 66960         37
   1.0000000000000000     
 OBS          457
  -2.5801495409314210     
  -3.2128749052156564     
   0.0000000000000000     
         456         458          -1
obdef
loc1d
   0.0000000000000000
kind
           1
  2160         38
   1.0000000000000000     
 OBS          458
  -6.3358886159170780     
  -5.2958051027103155     
   0.0000000000000000     
         457         459          -1
obdef
loc1d
   0.3333333300000000
kind
           1
  2160         38
   1.0000000000000000     
 OBS          459
   13.960477596426523     
   15.152674945114416     
   0.0000000000000000     
         458         460          -1
obdef
loc1d
   0.6666666600000000
kind
           1
  2160         38
   1.0000000000000000     
 OBS          460
  -3.6114617286061153     
  -4.7903645208368566     
   0.0000000000000000     
         459         461          -1
obdef
loc1d
   0.0000000000000000
kind
           1
 23760         38
   1.0000000000000000     
 OBS          461
  -7.3614869716815958     
  -8.0644295427512560     
   0.0000000000000000     
         460         462          -1
obdef
loc1d
   0.3333333300000000
kind
           1
 23760         38
   1.0000000000000000     
 OBS          462
   13.804707788083450     
   14.384595392925540     
   0.0000000000000000     
         461         463          -1
obdef
loc1d
   0.6666666600000000
kind
           1
 23760         38
   1.0000000000000000     
 OBS          463
  -7.9369888324399387     
  -7.2349688676932491     
   0.0000000000000000     
         462         464          -1
obdef
loc1d
   0.0000000000000000
kind
           1
 45360         38
   1.0000000000000000     
 OBS          464
  -12.994580819072539     
  -12.153706683963717     
   0.0000000000000000     
         463         465          -1
obdef
loc1d
   0.3333333300000000
kind
           1
 45360         38
   1.0000000000000000     
 OBS          465
   14.810871154564738     
   15.629692605814162     
   0.0000000000000000     
         464         466          -1
obdef
loc1d
   0.6666666600000000
kind
           1
 45360         38
   1.0000000000000000     
 OBS          466
  -11.302216117484161     
  -10.611012315152996     
   0.0000000000000000     
         465         467          -1
obdef
loc1d
   0.0000000000000000
kind
           1
 66960         38
   1.0000000000000000     
 OBS          467
  -18.184779326891601     
  -16.672000017053627     
   0.0000000000000000     
         466         468          -1
obdef
loc1d
   0.3333333300000000
kind
           1
 66960         38
   1.0000000000000000     
 OBS          468
   19.828277960889153     
   20.579777735568616     
   0.0000000000000000     
         467         469          -1
obdef
loc1d
   0.6666666600000000
kind
           1
 66960         38
   1.0000000000000000     
 OBS          469
  -13.674161648208610     
  -13.857671594630382     
   0.0000000000000000     
         468         470          -1
obdef
loc1d
   0.0000000000000000
kind
           1
  2160         39
   1.0000000000000000     
 OBS          470
  -18.092743034651480     
  -17.726421416507687     
   0.0000000000000000     
         469         471          -1
obdef
loc1d
   0.3333333300000000
kind
           1
  2160         39
   1.0000000000000000     
 OBS          471
   29.121231361555559     
   29.767342283693168     
   0.0000000000000000     
         470         472          -1
obdef
loc1d
   0.6666666600000000
kind
           1
  2160         39
   1.0000000000000000     
 OBS          472
  -12.885294639013136     
  -14.297019561266398     
   0.0000000000000000     
         471         473          -1
obdef
loc1d
   0.0000000000000000
kind
           1
 23760         39
   1.0000000000000000     
 OBS          473
  -11.244706117250157     
  -11.464283133486518     
   0.0000000000000000     
         472         474          -1
obdef
loc1d
   0.3333333300000000
kind
           1
 23760         39
   1.0000000000000000     
 OBS          474
   38.259810071822777     
   37.432825376829278     
   0.0000000000000000     
         473         475          -1
obdef
loc1d
   0.6666666600000000
kind
           1
 23760         39
   1.0000000000000000     
 OBS          475
  -8.3281648762522860     
  -10.891593770427228     
   0.0000000000000000     
         474         476          -1
obdef
loc1d
   0.0000000000000000
kind
           1
 45360         39
   1.0000000000000000     
 OBS          476
  -3.4486859039726934     
  -3.3770156877652586     
   0.0000000000000000     
         475         477          -1
obdef
loc1d
   0.3333333300000000
kind
           1
 45360         39
   1.0000000000000000     
 OBS          477
   37.679557277390685     
   37.043747009503292     
   0.0000000000000000     
         476         478          -1
obdef
loc1d
   0.6666666600000000
kind
           1
 45360         39
   1.0000000000000000     
 OBS          478
  -7.0630418071137591     
  -6.4128731270787345     
   0.0000000000000000     
         477         479          -1
obdef
loc1d
   0.0000000000000000
kind
           1
 66960         39
   1.0000000000000000     
 OBS          479
   1.2576471398363633     
  0.28566243901044769     
   0.0000000000000000     
         478         480          -1
obdef
loc1d
   0.3333333300000000
kind
           1
 66960         39
   1.0000000000000000     
 OBS          480
   32.903722730789049     
   32.163246802067455     
   0.0000000000000000     
         479         481          -1
obdef
loc1d
   0.6666666600000000
kind
           1
 66960         39
   1.0000000000000000     
 OBS          481
  -1.1455974508769522     
  -3.2021544061112657     
   0.0000000000000000     
         480         482          -1
obdef
loc1d
   0.0000000000000000
kind
           1
  2160         40
   1.0000000000000000     
 OBS          482
   1.8345676041539609     
  0.78494916569720807     
   0.0000000000000000     
         481         483          -1
obdef
loc1d
   0.3333333300000000
kind
           1
  2160         40
   1.0000000000000000     
 OBS          483
   25.337569174706402     
   27.237522263336793     
   0.0000000000000000     
         482         484          -1
obdef
loc1d
   0.6666666600000000
kind
           1
  2160         40
   1.0000000000000000     
 OBS          484
  -1.6786116786818630     
  -1.4923979660878783     
   0.0000000000000000     
         483         485          -1
obdef
loc1d
   0.0000000000000000
kind
           1
 23760         40
   1.0000000000000000     
 OBS          485
  0.89673596765397501     
  0.39843649104038664     
   0.0000000000000000     
         484         486          -1
obdef
loc1d
   0.3333333300000000
kind
           1
 23760         40
   1.0000000000000000     
 OBS          486
   22.375451729768645     
   23.132902159695384     
   0.0000000000000000     
         485         487          -1
obdef
loc1d
   0.6666666600000000
kind
           1
 23760         40
   1.0000000000000000     
 OBS          487
  0.76403133088504260     
 -0.74850147228606545     
   0.0000000000000000     
         486         488          -1
obdef
loc1d
   0.0000000000000000
kind
           1
 45360         40
   1.0000000000000000     
 OBS          488
  0.41460738726391322     
  -2.0597219850221338E-002
   0.0000000000000000     
         487         489          -1
obdef
loc1d
   0.3333333300000000
kind
           1
 45360         40
   1.0000000000000000     
 OBS          489
   17.950957249784473     
   19.701271748048480     
   0.0000000000000000     
         488         490          -1
obdef
loc1d
   0.6666666600000000
kind
           1
 45360         40
   1.0000000000000000     
 OBS          490
   1.0715984552934634     
 -0.50615581864732140     
   0.0000000000000000     
         489         491          -1
obdef
loc1d
   0.0000000000000000
kind
           1
 66960         40
   1.0000000000000000     
 OBS          491
  -1.3258954394013072     
 -0.35614584484517048     
   0.0000000000000000     
         490         492          -1
obdef
loc1d
   0.3333333300000000
kind
           1
 66960         40
   1.0000000000000000     
 OBS          492
   17.769006244064634     
   16.794764346396949     
   0.0000000000000000     
         491         493          -1
obdef
loc1d
   0.6666666600000000
kind
           1
 66960         40
   1.0000000000000000     
 OBS          493
 -0.75887912269880475     
 -0.52069824267702181     
   0.0000000000000000     
         492         494          -1
obdef
loc1d
   0.0000000000000000
kind
           1
  2160         41
   1.0000000000000000     
 OBS          494
  -1.6998991414109361     
 -0.69664913967166242     
   0.0000000000000000     
         493         495          -1
obdef
loc1d
   0.3333333300000000
kind
           1
  2160         41
   1.0000000000000000     
 OBS          495
   14.696198716705144     
   14.326323655158186     
   0.0000000000000000     
         494         496          -1
obdef
loc1d
   0.6666666600000000
kind
           1
  2160         41
   1.0000000000000000     
 OBS          496
 -0.29769237051878222     
 -0.71059216660856783     
   0.0000000000000000     
         495         497          -1
obdef
loc1d
   0.0000000000000000
kind
           1
 23760         41
   1.0000000000000000     
 OBS          497
  -1.8827991327889926E-003
  -1.1751655501788436     
   0.0000000000000000     
         496         498          -1
obdef
loc1d
   0.3333333300000000
kind
           1
 23760         41
   1.0000000000000000     
 OBS          498
   12.008621910538988     
   12.239659135763370     
   0.0000000000000000     
         497         499          -1
obdef
loc1d
   0.6666666600000000
kind
           1
 23760         41
   1.0000000000000000     
 OBS          499
  0.35889355251195565     
  -1.1008238744968555     
   0.0000000000000000     
         498         500          -1
obdef
loc1d
   0.0000000000000000
kind
           1
 45360         41
   1.0000000000000000     
 OBS          500
  -2.1282166920607626     
  -1.9706648447273418     
   0.0000000000000000     
         499         501          -1
obdef
loc1d
   0.3333333300000000
kind
           1
 45360         41
   1.0000000000000000     
 OBS          501
   10.666492731688793     
   10.507938873174643     
   0.0000000000000000     
         500         502          -1
obdef
loc1d
   0.6666666600000000
kind
           1
 45360         41
   1.0000000000000000     
 OBS          502
  -1.6224741004074048     
  -1.8092991348433884     
   0.0000000000000000     
         501         503          -1
obdef
loc1d
   0.0000000000000000
kind
           1
 66960         41
   1.0000000000000000     
 OBS          503
  -4.6247305218419559     
  -3.3693718064887359     
   0.0000000000000000     
         502         504          -1
obdef
loc1d
   0.3333333300000000
kind
           1
 66960         41
   1.0000000000000000     
 OBS          504
   10.258876421015767     
   9.1667433105795091     
   0.0000000000000000     
         503         505          -1
obdef
loc1d
   0.6666666600000000
kind
           1
 66960         41
   1.0000000000000000     
 OBS          505
  -2.0837101081382468     
  -3.0753699921481368     
   0.0000000000000000     
         504         506          -1
obdef
loc1d
   0.0000000000000000
kind
           1
  2160         42
   1.0000000000000000     
 OBS          506
  -4.0640472280602902     
  -5.8557283453939002     
   0.0000000000000000     
         505         507          -1
obdef
loc1d
   0.3333333300000000
kind
           1
  2160         42
   1.0000000000000000     
 OBS          507
   7.4979754557347595     
   8.4276847566222983     
   0.0000000000000000     
         506         508          -1
obdef
loc1d
   0.6666666600000000
kind
           1
  2160         42
   1.0000000000000000     
 OBS          508
  -6.2756195648062887     
  -5.3103294430276007     
   0.0000000000000000     
         507         509          -1
obdef
loc1d
   0.0000000000000000
kind
           1
 23760         42
   1.0000000000000000     
 OBS          509
  -9.7257936938612346     
  -10.147799611794751     
   0.0000000000000000     
         508         510          -1
obdef
loc1d
   0.3333333300000000
kind
           1
 23760         42
   1.0000000000000000     
 OBS          510
   7.5083003285272527     
   9.0241244747674916     
   0.0000000000000000     
         509         511          -1
obdef
loc1d
   0.6666666600000000
kind
           1
 23760         42
   1.0000000000000000     
 OBS          511
  -10.941450344028519     
  -9.0318225333690236     
   0.0000000000000000     
         510         512          -1
obdef
loc1d
   0.0000000000000000
kind
           1
 45360         42
   1.0000000000000000     
 OBS          512
  -15.477543357986560     
  -16.618424261542479     
   0.0000000000000000     
         511         513          -1
obdef
loc1d
   0.3333333300000000
kind
           1
 45360         42
   1.0000000000000000     
 OBS          513
   13.071384703440041     
   13.032657617811772     
   0.0000000000000000     
         512         514          -1
obdef
loc1d
   0.6666666600000000
kind
           1
 45360         42
   1.0000000000000000     
 OBS          514
  -15.870645198922654     
  -14.032427731053520     
   0.0000000000000000     
         513         515          -1
obdef
loc1d
   0.0000000000000000
kind
           1
 66960         42
   1.0000000000000000     
 OBS          515
  -22.871253939716805     
  -22.171272847139338     
   0.0000000000000000     
         514         516          -1
obdef
loc1d
   0.3333333300000000
kind
           1
 66960         42
   1.0000000000000000     
 OBS          516
   22.750733683018161     
   24.010816337206094     
   0.0000000000000000     
         515         517          -1
obdef
loc1d
   0.6666666600000000
kind
           1
 66960         42
   1.0000000000000000     
 OBS          517
  -16.444414784615280     
  -17.019111707181178     
   0.0000000000000000     
         516         518          -1
obdef
loc1d
   0.0000000000000000
kind
           1
  2160         43
   1.0000000000000000     
 OBS          518
  -17.032220710684783     
  -17.073680067931402     
   0.0000000000000000     
         517         519          -1
obdef
loc1d
   0.3333333300000000
kind
           1
  2160         43
   1.0000000000000000     
 OBS          519
   36.859213105792016     
   38.894541807694047     
   0.0000000000000000     
         518         520          -1
obdef
loc1d
   0.6666666600000000
kind
           1
  2160         43
   1.0000000000000000     
 OBS          520
  -14.160223760387975     
  -13.575498801876515     
   0.0000000000000000     
         519         521          -1
obdef
loc1d
   0.0000000000000000
kind
           1
 23760         43
   1.0000000000000000     
 OBS          521
  -2.8758446468987264     
  -3.2866973316922485     
   0.0000000000000000     
         520         522          -1
obdef
loc1d
   0.3333333300000000
kind
           1
 23760         43
   1.0000000000000000     
 OBS          522
   40.287666124056436     
   42.090260065299013     
   0.0000000000000000     
         521         523          -1
obdef
loc1d
   0.6666666600000000
kind
           1
 23760         43
   1.0000000000000000     
 OBS          523
  -6.0269673713572223     
  -6.8504103359489559     
   0.0000000000000000     
         522         524          -1
obdef
loc1d
   0.0000000000000000
kind
           1
 45360         43
   1.0000000000000000     
 OBS          524
   4.5015110108053698     
   3.6707666623258830     
   0.0000000000000000     
         523         525          -1
obdef
loc1d
   0.3333333300000000
kind
           1
 45360         43
   1.0000000000000000     
 OBS          525
   33.722137303072159     
   35.486109006194773     
   0.0000000000000000     
         524         526          -1
obdef
loc1d
   0.6666666600000000
kind
           1
 45360         43
   1.0000000000000000     
 OBS          526
  -1.7474772021727885     
  -1.7639527457686555     
   0.0000000000000000     
         525         527          -1
obdef
loc1d
   0.0000000000000000
kind
           1
 66960         43
   1.0000000000000000     
 OBS          527
   1.5165584717203959     
   4.6041728280909595     
   0.0000000000000000     
         526         528          -1
obdef
loc1d
   0.3333333300000000
kind
           1
 66960         43
   1.0000000000000000     
 OBS          528
   29.782270156640458     
   29.281367300292800     
   0.0000000000000000     
         527         529          -1
obdef
loc1d
   0.6666666600000000
kind
           1
 66960         43
   1.0000000000000000     
 OBS          529
  0.68589768711275823     
   1.0466784091987884     
   0.0000000000000000     
         528         530          -1
obdef
loc1d
   0.0000000000000000
kind
           1
  2160         44
   1.0000000000000000     
 OBS          530
   4.8849620433481942     
   4.3875310942420231     
   0.0000000000000000     
         529         531          -1
obdef
loc1d
   0.3333333300000000
kind
           1
  2160         44
   1.0000000000000000     
 OBS          531
   25.807686259498976     
   24.909670088266843     
   0.0000000000000000     
         530         532          -1
obdef
loc1d
   0.6666666600000000
kind
           1
  2160         44
   1.0000000000000000     
 OBS          532
   2.4210674445554945     
   2.5956936261405135     
   0.0000000000000000     
         531         533          -1
obdef
loc1d
   0.0000000000000000
kind
           1
 23760         44
   1.0000000000000000     
 OBS          533
   5.3823382287425767     
   4.6865203730014544     
   0.0000000000000000     
         532         534          -1
obdef
loc1d
   0.3333333300000000
kind
           1
 23760         44
   1.0000000000000000     
 OBS          534
   22.978199885804628     
   21.702441486776660     
   0.0000000000000000     
         533         535          -1
obdef
loc1d
   0.6666666600000000
kind
           1
 23760         44
   1.0000000000000000     
 OBS          535
   3.9995075896804235     
   3.7872025906391653     
   0.0000000000000000     
         534         536          -1
obdef
loc1d
   0.0000000000000000
kind
           1
 45360         44
   1.0000000000000000     
 OBS          536
   6.4492090577582095     
   5.8310253227294542     
   0.0000000000000000     
         535         537          -1
obdef
loc1d
   0.3333333300000000
kind
           1
 45360         44
   1.0000000000000000     
 OBS          537
   17.744256621609065     
   19.425270293950245     
   0.0000000000000000     
         536         538          -1
obdef
loc1d
   0.6666666600000000
kind
           1
 45360         44
   1.0000000000000000     
 OBS          538
   6.6399740592623857     
   5.1876468830083535     
   0.0000000000000000     
         537         539          -1
obdef
loc1d
   0.0000000000000000
kind
           1
 66960         44
   1.0000000000000000     
 OBS          539
   9.7926480330406385     
   7.9097218226762225     
   0.0000000000000000     
         538         540          -1
obdef
loc1d
   0.3333333300000000
kind
           1
 66960         44
   1.0000000000000000     
 OBS          540
   17.926464025887569     
   18.256825788931966     
   0.0000000000000000     
         539         541          -1
obdef
loc1d
   0.6666666600000000
kind
           1
 66960         44
   1.0000000000000000     
 OBS          541
   6.4963643234826423     
   7.1255191138617118     
   0.0000000000000000     
         540         542          -1
obdef
loc1d
   0.0000000000000000
kind
           1
  2160         45
   1.0000000000000000     
 OBS          542
   10.197688188113931     
   10.885266054530184     
   0.0000000000000000     
         541         543          -1
obdef
loc1d
   0.3333333300000000
kind
           1
  2160         45
   1.0000000000000000     
 OBS          543
   19.348551495227461     
   18.770519646594394     
   0.0000000000000000     
         542         544          -1
obdef
loc1d
   0.6666666600000000
kind
           1
  2160         45
   1.0000000000000000     
 OBS          544
   11.063083724071641     
   9.6352687295690487     
   0.0000000000000000     
         543         545          -1
obdef
loc1d
   0.0000000000000000
kind
           1
 23760         45
   1.0000000000000000     
 OBS          545
   15.411890091592618     
   14.068806796997428     
   0.0000000000000000     
         544         546          -1
obdef
loc1d
   0.3333333300000000
kind
           1
 23760         45
   1.0000000000000000     
 OBS          546
   20.718466502893190     
   21.874279195270731     
   0.0000000000000000     
         545         547          -1
obdef
loc1d
   0.6666666600000000
kind
           1
 23760         45
   1.0000000000000000     
 OBS          547
   9.8503009548665670     
   12.077232919221114     
   0.0000000000000000     
         546         548          -1
obdef
loc1d
   0.0000000000000000
kind
           1
 45360         45
   1.0000000000000000     
 OBS          548
   16.558571334844267     
   15.296345394845465     
   0.0000000000000000     
         547         549          -1
obdef
loc1d
   0.3333333300000000
kind
           1
 45360         45
   1.0000000000000000     
 OBS          549
   29.162386238124707     
   27.768145930037228     
   0.0000000000000000     
         548         550          -1
obdef
loc1d
   0.6666666600000000
kind
           1
 45360         45
   1.0000000000000000     
 OBS          550
   13.163014625521123     
   12.932627252644631     
   0.0000000000000000     
         549         551          -1
obdef
loc1d
   0.0000000000000000
kind
           1
 66960         45
   1.0000000000000000     
 OBS          551
   12.834747825681355     
   12.200197322363859     
   0.0000000000000000     
         550         552          -1
obdef
loc1d
   0.3333333300000000
kind
           1
 66960         45
   1.0000000000000000     
 OBS          552
   33.305750945049539     
   33.599032107212281     
   0.0000000000000000     
         551         553          -1
obdef
loc1d
   0.6666666600000000
kind
           1
 66960         45
   1.0000000000000000     
 OBS          553
   13.667213459381767     
   11.218723216689305     
   0.0000000000000000     
         552         554          -1
obdef
loc1d
   0.0000000000000000
kind
           1
  2160         46
   1.0000000000000000     
 OBS          554
   6.7814370515409435     
   6.6453168614769007     
   0.0000000000000000     
         553         555          -1
obdef
loc1d
   0.3333333300000000
kind
           1
  2160         46
   1.0000000000000000     
 OBS          555
   34.452960155431683     
   35.032256811986620     
   0.0000000000000000     
         554         556          -1
obdef
loc1d
   0.6666666600000000
kind
           1
  2160         46
   1.0000000000000000     
 OBS          556
   7.7168498507371179     
   8.1085975723175689     
   0.0000000000000000     
         555         557          -1
obdef
loc1d
   0.0000000000000000
kind
           1
 23760         46
   1.0000000000000000     
 OBS          557
   1.5099282628584769     
   2.8980823541975154     
   0.0000000000000000     
         556         558          -1
obdef
loc1d
   0.3333333300000000
kind
           1
 23760         46
   1.0000000000000000     
 OBS          558
   31.059495479188978     
   32.297426920556489     
   0.0000000000000000     
         557         559          -1
obdef
loc1d
   0.6666666600000000
kind
           1
 23760         46
   1.0000000000000000     
 OBS          559
   4.7840976604168519     
   5.4019236026192168     
   0.0000000000000000     
         558         560          -1
obdef
loc1d
   0.0000000000000000
kind
           1
 45360         46
   1.0000000000000000     
 OBS          560
   1.5401775967884144     
   1.7801831567069839     
   0.0000000000000000     
         559         561          -1
obdef
loc1d
   0.3333333300000000
kind
           1
 45360         46
   1.0000000000000000     
 OBS          561
   27.615877193081030     
   28.325032108718105     
   0.0000000000000000     
         560         562          -1
obdef
loc1d
   0.6666666600000000
kind
           1
 45360         46
   1.0000000000000000     
 OBS          562
   2.0826193224130862     
   3.8077705351884741     
   0.0000000000000000     
         561         563          -1
obdef
loc1d
   0.0000000000000000
kind
           1
 66960         46
   1.0000000000000000     
 OBS          563
   3.3000177444942480     
   2.0657404551070448     
   0.0000000000000000     
         562         564          -1
obdef
loc1d
   0.3333333300000000
kind
           1
 66960         46
   1.0000000000000000     
 OBS          564
   24.916579906378736     
   24.595500464232021     
   0.0000000000000000     
         563         565          -1
obdef
loc1d
   0.6666666600000000
kind
           1
 66960         46
   1.0000000000000000     
 OBS          565
   3.4826568358749186     
   3.2254639290831806     
   0.0000000000000000     
         564         566          -1
obdef
loc1d
   0.0000000000000000
kind
           1
  2160         47
   1.0000000000000000     
 OBS          566
   2.6019341162666532     
   2.9480518957691784     
   0.0000000000000000     
         565         567          -1
obdef
loc1d
   0.3333333300000000
kind
           1
  2160         47
   1.0000000000000000     
 OBS          567
   21.321084732228584     
   21.428850178000456     
   0.0000000000000000     
         566         568          -1
obdef
loc1d
   0.6666666600000000
kind
           1
  2160         47
   1.0000000000000000     
 OBS          568
   4.9316091969300686     
   3.4118845731728569     
   0.0000000000000000     
         567         569          -1
obdef
loc1d
   0.0000000000000000
kind
           1
 23760         47
   1.0000000000000000     
 OBS          569
   4.6482839055307492     
   4.2793136539253389     
   0.0000000000000000     
         568         570          -1
obdef
loc1d
   0.3333333300000000
kind
           1
 23760         47
   1.0000000000000000     
 OBS          570
   18.545552237560905     
   18.910747751481811     
   0.0000000000000000     
         569         571          -1
obdef
loc1d
   0.6666666600000000
kind
           1
 23760         47
   1.0000000000000000     
 OBS          571
   4.2836370207806267     
   4.2617946965285913     
   0.0000000000000000     
         570         572          -1
obdef
loc1d
   0.0000000000000000
kind
           1
 45360         47
   1.0000000000000000     
 OBS          572
   6.7383327422984198     
   6.2468034008426754     
   0.0000000000000000     
         571         573          -1
obdef
loc1d
   0.3333333300000000
kind
           1
 45360         47
   1.0000000000000000     
 OBS          573
   17.496794004331282     
   17.220447176371437     
   0.0000000000000000     
         572         574          -1
obdef
loc1d
   0.6666666600000000
kind
           1
 45360         47
   1.0000000000000000     
 OBS          574
   6.6571808048451828     
   5.8318748185794318     
   0.0000000000000000     
         573         575          -1
obdef
loc1d
   0.0000000000000000
kind
           1
 66960         47
   1.0000000000000000     
 OBS          575
   8.8164082431241102     
   9.1183809078053368     
   0.0000000000000000     
         574         576          -1
obdef
loc1d
   0.3333333300000000
kind
           1
 66960         47
   1.0000000000000000     
 OBS          576
   17.603499560295109     
   16.813149751568567     
   0.0000000000000000     
         575         577          -1
obdef
loc1d
   0.6666666600000000
kind
           1
 66960         47
   1.0000000000000000     
 OBS          577
   7.1194496862136525     
   8.2177574795524784     
   0.0000000000000000     
         576         578          -1
obdef
loc1d
   0.0000000000000000
kind
           1
  2160         48
   1.0000000000000000     
 OBS          578
   13.041585489905826     
   12.833921198780482     
   0.0000000000000000     
         577         579          -1
obdef
loc1d
   0.3333333300000000
kind
           1
  2160         48
   1.0000000000000000     
 OBS          579
   18.455419514659848     
   18.625260993771544     
   0.0000000000000000     
         578         580          -1
obdef
loc1d
   0.6666666600000000
kind
           1
  2160         48
   1.0000000000000000     
 OBS          580
   10.577859199683635     
   11.166044584615868     
   0.0000000000000000     
         579         581          -1
obdef
loc1d
   0.0000000000000000
kind
           1
 23760         48
   1.0000000000000000     
 OBS          581
   15.759741635722959     
   16.003526874268516     
   0.0000000000000000     
         580         582          -1
obdef
loc1d
   0.3333333300000000
kind
           1
 23760         48
   1.0000000000000000     
 OBS          582
   26.093860821562245     
   23.804800179460393     
   0.0000000000000000     
         581         583          -1
obdef
loc1d
   0.6666666600000000
kind
           1
 23760         48
   1.0000000000000000     
 OBS          583
   13.134339961721082     
   13.385161979865618     
   0.0000000000000000     
         582         584          -1
obdef
loc1d
   0.0000000000000000
kind
           1
 45360         48
   1.0000000000000000     
 OBS          584
   15.402287340443335     
   15.262825789231320     
   0.0000000000000000     
         583         585          -1
obdef
loc1d
   0.3333333300000000
kind
           1
 45360         48
   1.0000000000000000     
 OBS          585
   31.854743028442098     
   31.416188593134070     
   0.0000000000000000     
         584         586          -1
obdef
loc1d
   0.6666666600000000
kind
           1
 45360         48
   1.0000000000000000     
 OBS          586
   14.275855018733466     
   12.910623867102299     
   0.0000000000000000     
         585         587          -1
obdef
loc1d
   0.0000000000000000
kind
           1
 66960         48
   1.0000000000000000     
 OBS          587
   9.0024143249958648     
   9.4406356657636845     
   0.0000000000000000     
         586         588          -1
obdef
loc1d
   0.3333333300000000
kind
           1
 66960         48
   1.0000000000000000     
 OBS          588
   38.066085253267971     
   36.140110627059975     
   0.0000000000000000     
         587         589          -1
obdef
loc1d
   0.6666666600000000
kind
           1
 66960         48
   1.0000000000000000     
 OBS          589
   8.0985941371342509     
   9.7761998775309351     
   0.0000000000000000     
         588         590          -1
obdef
loc1d
   0.0000000000000000
kind
           1
  2160         49
   1.0000000000000000     
 OBS          590
   3.4114112885823578     
   3.5791660342322311     
   0.0000000000000000     
         589         591          -1
obdef
loc1d
   0.3333333300000000
kind
           1
  2160         49
   1.0000000000000000     
 OBS          591
   34.937474600339307     
   34.811486125881530     
   0.0000000000000000     
         590         592          -1
obdef
loc1d
   0.6666666600000000
kind
           1
  2160         49
   1.0000000000000000     
 OBS          592
   5.2715418975038837     
   6.2386395124263228     
   0.0000000000000000     
         591         593          -1
obdef
loc1d
   0.0000000000000000
kind
           1
 23760         49
   1.0000000000000000     
 OBS          593
   1.4644430471672567     
   1.0923396017720370     
   0.0000000000000000     
         592         594          -1
obdef
loc1d
   0.3333333300000000
kind
           1
 23760         49
   1.0000000000000000     
 OBS          594
   32.177040949993525     
   30.591882272836269     
   0.0000000000000000     
         593         595          -1
obdef
loc1d
   0.6666666600000000
kind
           1
 23760         49
   1.0000000000000000     
 OBS          595
   5.3675034238962365     
   3.8106617269392409     
   0.0000000000000000     
         594         596          -1
obdef
loc1d
   0.0000000000000000
kind
           1
 45360         49
   1.0000000000000000     
 OBS          596
  0.66823773715180612     
  0.86633498040372547     
   0.0000000000000000     
         595         597          -1
obdef
loc1d
   0.3333333300000000
kind
           1
 45360         49
   1.0000000000000000     
 OBS          597
   27.254129333011928     
   26.303294849449468     
   0.0000000000000000     
         596         598          -1
obdef
loc1d
   0.6666666600000000
kind
           1
 45360         49
   1.0000000000000000     
 OBS          598
   2.5726760665450112     
   2.6130745982660448     
   0.0000000000000000     
         597         599          -1
obdef
loc1d
   0.0000000000000000
kind
           1
 66960         49
   1.0000000000000000     
 OBS          599
  0.64791887805637172     
   1.4490510442444191     
   0.0000000000000000     
         598         600          -1
obdef
loc1d
   0.3333333300000000
kind
           1
 66960         49
   1.0000000000000000     
 OBS          600
   22.555348909124646     
   22.605487044867822     
   0.0000000000000000     
         599         601          -1
obdef
loc1d
   0.6666666600000000
kind
           1
 66960         49
   1.0000000000000000     
 OBS          601
   2.6699642738209457     
   2.2988155350898722     
   0.0000000000000000     
         600         602          -1
obdef
loc1d
   0.0000000000000000
kind
           1
  2160         50
   1.0000000000000000     
 OBS          602
   2.3464720188759065     
   2.3357489241704990     
   0.0000000000000000     
         601         603          -1
obdef
loc1d
   0.3333333300000000
kind
           1
  2160         50
   1.0000000000000000     
 OBS          603
   19.568657897215658     
   19.511311506760734     
   0.0000000000000000     
         602         604          -1
obdef
loc1d
   0.6666666600000000
kind
           1
  2160         50
   1.0000000000000000     
 OBS          604
   1.4386433476097560     
   2.6057944275623850     
   0.0000000000000000     
         603         605          -1
obdef
loc1d
   0.0000000000000000
kind
           1
 23760         50
   1.0000000000000000     
 OBS          605
   2.9676166234527237     
   3.5765484904182405     
   0.0000000000000000     
         604         606          -1
obdef
loc1d
   0.3333333300000000
kind
           1
 23760         50
   1.0000000000000000     
 OBS          606
   17.806511235829632     
   17.020055445472135     
   0.0000000000000000     
         605         607          -1
obdef
loc1d
   0.6666666600000000
kind
           1
 23760         50
   1.0000000000000000     
 OBS          607
   4.0855942002605836     
   3.4790685072115930     
   0.0000000000000000     
         606         608          -1
obdef
loc1d
   0.0000000000000000
kind
           1
 45360         50
   1.0000000000000000     
 OBS          608
   6.2709506186720585     
   5.4591274990518697     
   0.0000000000000000     
         607         609          -1
obdef
loc1d
   0.3333333300000000
kind
           1
 45360         50
   1.0000000000000000     
 OBS          609
   15.908966141429888     
   15.255920762979544     
   0.0000000000000000     
         608         610          -1
obdef
loc1d
   0.6666666600000000
kind
           1
 45360         50
   1.0000000000000000     
 OBS          610
   5.6555673775960198     
   5.0487769912156786     
   0.0000000000000000     
         609         611          -1
obdef
loc1d
   0.0000000000000000
kind
           1
 66960         50
   1.0000000000000000     
 OBS          611
   8.8186018574106750     
   8.3744925229326093     
   0.0000000000000000     
         610         612          -1
obdef
loc1d
   0.3333333300000000
kind
           1
 66960         50
   1.0000000000000000     
 OBS          612
   16.917799893035667     
   14.623546495300987     
   0.0000000000000000     
         611         613          -1
obdef
loc1d
   0.6666666600000000
kind
           1
 66960         50
   1.0000000000000000     
 OBS          613
   9.4891713562655102     
   7.5386454544620509     
   0.0000000000000000     
         612         614          -1
obdef
loc1d
   0.0000000000000000
kind
           1
  2160         51
   1.0000000000000000     
 OBS          614
   11.667205587032955     
   12.530799487545886     
   0.0000000000000000     
         613         615          -1
obdef
loc1d
   0.3333333300000000
kind
           1
  2160         51
   1.0000000000000000     
 OBS          615
   16.153038055956376     
   16.114667034177483     
   0.0000000000000000     
         614         616          -1
obdef
loc1d
   0.6666666600000000
kind
           1
  2160         51
   1.0000000000000000     
 OBS          616
   11.457983349478102     
   10.916068561295379     
   0.0000000000000000     
         615         617          -1
obdef
loc1d
   0.0000000000000000
kind
           1
 23760         51
   1.0000000000000000     
 OBS          617
   17.884922013957663     
   16.857462573265469     
   0.0000000000000000     
         616         618          -1
obdef
loc1d
   0.3333333300000000
kind
           1
 23760         51
   1.0000000000000000     
 OBS          618
   22.400490223299336     
   21.404217602088217     
   0.0000000000000000     
         617         619          -1
obdef
loc1d
   0.6666666600000000
kind
           1
 23760         51
   1.0000000000000000     
 OBS          619
   12.523099161313880     
   13.966986693811712     
   0.0000000000000000     
         618         620          -1
obdef
loc1d
   0.0000000000000000
kind
           1
 45360         51
   1.0000000000000000     
 OBS          620
   16.251946740800953     
   17.294441838479742     
   0.0000000000000000     
         619         621          -1
obdef
loc1d
   0.3333333300000000
kind
           1
 45360         51
   1.0000000000000000     
 OBS          621
   31.346945194094431     
   30.610194269662180     
   0.0000000000000000     
         620         622          -1
obdef
loc1d
   0.6666666600000000
kind
           1
 45360         51
   1.0000000000000000     
 OBS          622
   13.772861714187176     
   14.038007279464203     
   0.0000000000000000     
         621         623          -1
obdef
loc1d
   0.0000000000000000
kind
           1
 66960         51
   1.0000000000000000     
 OBS          623
   12.079489910802380     
   10.666267310649442     
   0.0000000000000000     
         622         624          -1
obdef
loc1d
   0.3333333300000000
kind
           1
 66960         51
   1.0000000000000000     
 OBS          624
   36.580633720339485     
   37.543378349975072     
   0.0000000000000000     
         623         625          -1
obdef
loc1d
   0.6666666600000000
kind
           1
 66960         51
   1.0000000000000000     
 OBS          625
   11.253754234219761     
   10.478600309238711     
   0.0000000000000000     
         624         626          -1
obdef
loc1d
   0.0000000000000000
kind
           1
  2160         52
   1.0000000000000000     
 OBS          626
   2.6090800722638856     
   3.0057155195551513     
   0.0000000000000000     
         625         627          -1
obdef
loc1d
   0.3333333300000000
kind
           1
  2160         52
   1.0000000000000000     
 OBS          627
   36.265060234384613     
   36.565384083617921     
   0.0000000000000000     
         626         628          -1
obdef
loc1d
   0.6666666600000000
kind
           1
  2160         52
   1.0000000000000000     
 OBS          628
   5.5697603142330090     
   6.1341779742672591     
   0.0000000000000000     
         627         629          -1
obdef
loc1d
   0.0000000000000000
kind
           1
 23760         52
   1.0000000000000000     
 OBS          629
 -0.29463806569828110     
 -0.24304535682067410     
   0.0000000000000000     
         628         630          -1
obdef
loc1d
   0.3333333300000000
kind
           1
 23760         52
   1.0000000000000000     
 OBS          630
   32.191011385423181     
   31.663225957779602     
   0.0000000000000000     
         629         631          -1
obdef
loc1d
   0.6666666600000000
kind
           1
 23760         52
   1.0000000000000000     
 OBS          631
   3.2088900108605327     
   3.1097191054675535     
   0.0000000000000000     
         630         632          -1
obdef
loc1d
   0.0000000000000000
kind
           1
 45360         52
   1.0000000000000000     
 OBS          632
  0.70761023986548144     
 -0.60596740861169629     
   0.0000000000000000     
         631         633          -1
obdef
loc1d
   0.3333333300000000
kind
           1
 45360         52
   1.0000000000000000     
 OBS          633
   27.977689447703352     
   26.847860009419207     
   0.0000000000000000     
         632         634          -1
obdef
loc1d
   0.6666666600000000
kind
           1
 45360         52
   1.0000000000000000     
 OBS          634
   1.6723722744380498     
   1.5318034366302671     
   0.0000000000000000     
         633         635          -1
obdef
loc1d
   0.0000000000000000
kind
           1
 66960         52
   1.0000000000000000     
 OBS          635
  0.47542431171615585     
 -0.18556653891827657     
   0.0000000000000000     
         634         636          -1
obdef
loc1d
   0.3333333300000000
kind
           1
 66960         52
   1.0000000000000000     
 OBS          636
   23.489409357017720     
   22.825694129956812     
   0.0000000000000000     
         635         637          -1
obdef
loc1d
   0.6666666600000000
kind
           1
 66960         52
   1.0000000000000000     
 OBS          637
   1.8935146766933073     
  0.87488482961180258     
   0.0000000000000000     
         636         638          -1
obdef
loc1d
   0.0000000000000000
kind
           1
  2160         53
   1.0000000000000000     
 OBS          638
   2.0340638832993330     
  0.27437209270933377     
   0.0000000000000000     
         637         639          -1
obdef
loc1d
   0.3333333300000000
kind
           1
  2160         53
   1.0000000000000000     
 OBS          639
   19.777513036158282     
   19.453228029674897     
   0.0000000000000000     
         638         640          -1
obdef
loc1d
   0.6666666600000000
kind
           1
  2160         53
   1.0000000000000000     
 OBS          640
  -1.4846656174455488     
  0.70991250860348809     
   0.0000000000000000     
         639         641          -1
obdef
loc1d
   0.0000000000000000
kind
           1
 23760         53
   1.0000000000000000     
 OBS          641
  0.99098499847263155     
  0.70030214175856809     
   0.0000000000000000     
         640         642          -1
obdef
loc1d
   0.3333333300000000
kind
           1
 23760         53
   1.0000000000000000     
 OBS          642
   16.811298790952417     
   16.597662396483123     
   0.0000000000000000     
         641         643          -1
obdef
loc1d
   0.6666666600000000
kind
           1
 23760         53
   1.0000000000000000     
 OBS          643
 -0.49347331343286271     
  0.82642195495410398     
   0.0000000000000000     
         642         644          -1
obdef
loc1d
   0.0000000000000000
kind
           1
 45360         53
   1.0000000000000000     
 OBS          644
  0.78024729508872548     
   1.2124368216474639     
   0.0000000000000000     
         643         645          -1
obdef
loc1d
   0.3333333300000000
kind
           1
 45360         53
   1.0000000000000000     
 OBS          645
   11.767174619500334     
   14.183569757498480     
   0.0000000000000000     
         644         646          -1
obdef
loc1d
   0.6666666600000000
kind
           1
 45360         53
   1.0000000000000000     
 OBS          646
   1.9524467212183638     
   1.1801808606963102     
   0.0000000000000000     
         645         647          -1
obdef
loc1d
   0.0000000000000000
kind
           1
 66960         53
   1.0000000000000000     
 OBS          647
   5.5098810032185845     
   1.9962273435649374     
   0.0000000000000000     
         646         648          -1
obdef
loc1d
   0.3333333300000000
kind
           1
 66960         53
   1.0000000000000000     
 OBS          648
   11.829226171591731     
   12.174446436805106     
   0.0000000000000000     
         647         649          -1
obdef
loc1d
   0.6666666600000000
kind
           1
 66960         53
   1.0000000000000000     
 OBS          649
   1.7856936174343527     
   1.8500738797123335     
   0.0000000000000000     
         648         650          -1
obdef
loc1d
   0.0000000000000000
kind
           1
  2160         54
   1.0000000000000000     
 OBS          650
   2.3182629746965056     
   3.3257603886996665     
   0.0000000000000000     
         649         651          -1
obdef
loc1d
   0.3333333300000000
kind
           1
  2160         54
   1.0000000000000000     
 OBS          651
   11.392730325369596     
   10.594969444227203     
   0.0000000000000000     
         650         652          -1
obdef
loc1d
   0.6666666600000000
kind
           1
  2160         54
   1.0000000000000000     
 OBS          652
   4.6840534918395367     
   3.0409599890999881     
   0.0000000000000000     
         651         653          -1
obdef
loc1d
   0.0000000000000000
kind
           1
 23760         54
   1.0000000000000000     
 OBS          653
   3.8667681228537090     
   5.6412444790046825     
   0.0000000000000000     
         652         654          -1
obdef
loc1d
   0.3333333300000000
kind
           1
 23760         54
   1.0000000000000000     
 OBS          654
   11.003586000495222     
   9.6287393920936566     
   0.0000000000000000     
         653         655          -1
obdef
loc1d
   0.6666666600000000
kind
           1
 23760         54
   1.0000000000000000     
 OBS          655
   6.4889494892831907     
   5.1164374993980140     
   0.0000000000000000     
         654         656          -1
obdef
loc1d
   0.0000000000000000
kind
           1
 45360         54
   1.0000000000000000     
 OBS          656
   9.3054945817619981     
   9.5845710420441375     
   0.0000000000000000     
         655         657          -1
obdef
loc1d
   0.3333333300000000
kind
           1
 45360         54
   1.0000000000000000     
 OBS          657
   10.891421296731419     
   9.9110184879418597     
   0.0000000000000000     
         656         658          -1
obdef
loc1d
   0.6666666600000000
kind
           1
 45360         54
   1.0000000000000000     
 OBS          658
   8.7934517312795055     
   8.5447020081146672     
   0.0000000000000000     
         657         659          -1
obdef
loc1d
   0.0000000000000000
kind
           1
 66960         54
   1.0000000000000000     
 OBS          659
   15.101210011188922     
   15.542109767926137     
   0.0000000000000000     
         658         660          -1
obdef
loc1d
   0.3333333300000000
kind
           1
 66960         54
   1.0000000000000000     
 OBS          660
   13.519378202992991     
   13.216638045803894     
   0.0000000000000000     
         659         661          -1
obdef
loc1d
   0.6666666600000000
kind
           1
 66960         54
   1.0000000000000000     
 OBS          661
   14.360105308590120     
   13.236144537392516     
   0.0000000000000000     
         660         662          -1
obdef
loc1d
   0.0000000000000000
kind
           1
  2160         55
   1.0000000000000000     
 OBS          662
   20.107270195139474     
   21.139173470626243     
   0.0000000000000000     
         661         663          -1
obdef
loc1d
   0.3333333300000000
kind
           1
  2160         55
   1.0000000000000000     
 OBS          663
   23.915424012527183     
   22.717483328335685     
   0.0000000000000000     
         662         664          -1
obdef
loc1d
   0.6666666600000000
kind
           1
  2160         55
   1.0000000000000000     
 OBS          664
   17.761532994559659     
   16.529549567251955     
   0.0000000000000000     
         663         665          -1
obdef
loc1d
   0.0000000000000000
kind
           1
 23760         55
   1.0000000000000000     
 OBS          665
   20.087670424964237     
   17.951211380254666     
   0.0000000000000000     
         664         666          -1
obdef
loc1d
   0.3333333300000000
kind
           1
 23760         55
   1.0000000000000000     
 OBS          666
   36.411792317457888     
   36.812014680066603     
   0.0000000000000000     
         665         667          -1
obdef
loc1d
   0.6666666600000000
kind
           1
 23760         55
   1.0000000000000000     
 OBS          667
   15.661804054054471     
   14.101053993762191     
   0.0000000000000000     
         666         668          -1
obdef
loc1d
   0.0000000000000000
kind
           1
 45360         55
   1.0000000000000000     
 OBS          668
   4.9169686528935603     
   5.3155934237600766     
   0.0000000000000000     
         667         669          -1
obdef
loc1d
   0.3333333300000000
kind
           1
 45360         55
   1.0000000000000000     
 OBS          669
   42.988486899328855     
   41.753366967106857     
   0.0000000000000000     
         668         670          -1
obdef
loc1d
   0.6666666600000000
kind
           1
 45360         55
   1.0000000000000000     
 OBS          670
   9.9050769858848540     
   7.8677759045285383     
   0.0000000000000000     
         669         671          -1
obdef
loc1d
   0.0000000000000000
kind
           1
 66960         55
   1.0000000000000000     
 OBS          671
  -1.2718034363289961     
  -2.4628815263336157     
   0.0000000000000000     
         670         672          -1
obdef
loc1d
   0.3333333300000000
kind
           1
 66960         55
   1.0000000000000000     
 OBS          672
   33.761237257703129     
   36.162398237310697     
   0.0000000000000000     
         671         673          -1
obdef
loc1d
   0.6666666600000000
kind
           1
 66960         55
   1.0000000000000000     
 OBS          673
   4.4410678885842580     
   2.7122736610986191     
   0.0000000000000000     
         672         674          -1
obdef
loc1d
   0.0000000000000000
kind
           1
  2160         56
   1.0000000000000000     
 OBS          674
  -4.3002756806114721     
  -3.9141495829931645     
   0.0000000000000000     
         673         675          -1
obdef
loc1d
   0.3333333300000000
kind
           1
  2160         56
   1.0000000000000000     
 OBS          675
   30.903714814385925     
   29.871239150386998     
   0.0000000000000000     
         674         676          -1
obdef
loc1d
   0.6666666600000000
kind
           1
  2160         56
   1.0000000000000000     
 OBS          676
   1.0192746334867571     
 -0.23273277861134389     
   0.0000000000000000     
         675         677          -1
obdef
loc1d
   0.0000000000000000
kind
           1
 23760         56
   1.0000000000000000     
 OBS          677
  -4.3054765306873524     
  -3.7192207389167913     
   0.0000000000000000     
         676         678          -1
obdef
loc1d
   0.3333333300000000
kind
           1
 23760         56
   1.0000000000000000     
 OBS          678
   24.685019969172348     
   25.232721969977607     
   0.0000000000000000     
         677         679          -1
obdef
loc1d
   0.6666666600000000
kind
           1
 23760         56
   1.0000000000000000     
 OBS          679
  -1.1669386460369169     
  -1.8051005707781089     
   0.0000000000000000     
         678         680          -1
obdef
loc1d
   0.0000000000000000
kind
           1
 45360         56
   1.0000000000000000     
 OBS          680
  -5.2016924458539258     
  -3.8274920566888642     
   0.0000000000000000     
         679         681          -1
obdef
loc1d
   0.3333333300000000
kind
           1
 45360         56
   1.0000000000000000     
 OBS          681
   21.492542985446601     
   21.733503485475765     
   0.0000000000000000     
         680         682          -1
obdef
loc1d
   0.6666666600000000
kind
           1
 45360         56
   1.0000000000000000     
 OBS          682
  -2.4948544094315643     
  -2.8958668486001184     
   0.0000000000000000     
         681         683          -1
obdef
loc1d
   0.0000000000000000
kind
           1
 66960         56
   1.0000000000000000     
 OBS          683
  -6.2332625674932922     
  -4.6787687161653215     
   0.0000000000000000     
         682         684          -1
obdef
loc1d
   0.3333333300000000
kind
           1
 66960         56
   1.0000000000000000     
 OBS          684
   19.299712510852626     
   19.077693067693353     
   0.0000000000000000     
         683         685          -1
obdef
loc1d
   0.6666666600000000
kind
           1
 66960         56
   1.0000000000000000     
 OBS          685
  -4.9693928100755143     
  -4.0942002550734493     
   0.0000000000000000     
         684         686          -1
obdef
loc1d
   0.0000000000000000
kind
           1
  2160         57
   1.0000000000000000     
 OBS          686
  -6.4057225546032095     
  -6.4187142226258596     
   0.0000000000000000     
         685         687          -1
obdef
loc1d
   0.3333333300000000
kind
           1
  2160         57
   1.0000000000000000     
 OBS          687
   16.902843386689305     
   17.327150697082491     
   0.0000000000000000     
         686         688          -1
obdef
loc1d
   0.6666666600000000
kind
           1
  2160         57
   1.0000000000000000     
 OBS          688
  -6.5934738809495395     
  -5.7901408391936506     
   0.0000000000000000     
         687         689          -1
obdef
loc1d
   0.0000000000000000
kind
           1
 23760         57
   1.0000000000000000     
 OBS          689
  -6.7111133420838085     
  -9.1943136900546758     
   0.0000000000000000     
         688         690          -1
obdef
loc1d
   0.3333333300000000
kind
           1
 23760         57
   1.0000000000000000     
 OBS          690
   18.410367420756661     
   16.897733559811336     
   0.0000000000000000     
         689         691          -1
obdef
loc1d
   0.6666666600000000
kind
           1
 23760         57
   1.0000000000000000     
 OBS          691
  -7.2163681025704731     
  -8.2163073882110496     
   0.0000000000000000     
         690         692          -1
obdef
loc1d
   0.0000000000000000
kind
           1
 45360         57
   1.0000000000000000     
 OBS          692
  -12.371702620600965     
  -12.861622597822603     
   0.0000000000000000     
         691         693          -1
obdef
loc1d
   0.3333333300000000
kind
           1
 45360         57
   1.0000000000000000     
 OBS          693
   19.398300916095206     
   18.706616442973228     
   0.0000000000000000     
         692         694          -1
obdef
loc1d
   0.6666666600000000
kind
           1
 45360         57
   1.0000000000000000     
 OBS          694
  -11.114715405738226     
  -11.166690608142032     
   0.0000000000000000     
         693         695          -1
obdef
loc1d
   0.0000000000000000
kind
           1
 66960         57
   1.0000000000000000     
 OBS          695
  -16.963474932138531     
  -15.985871814965021     
   0.0000000000000000     
         694         696          -1
obdef
loc1d
   0.3333333300000000
kind
           1
 66960         57
   1.0000000000000000     
 OBS          696
   22.197661778885486     
   23.877898578741966     
   0.0000000000000000     
         695         697          -1
obdef
loc1d
   0.6666666600000000
kind
           1
 66960         57
   1.0000000000000000     
 OBS          697
  -14.398139873563114     
  -13.367051178274068     
   0.0000000000000000     
         696         698          -1
obdef
loc1d
   0.0000000000000000
kind
           1
  2160         58
   1.0000000000000000     
 OBS          698
  -14.460716034121422     
  -15.208223794021340     
   0.0000000000000000     
         697         699          -1
obdef
loc1d
   0.3333333300000000
kind
           1
  2160         58
   1.0000000000000000     
 OBS          699
   30.013437458299208     
   31.443707268301189     
   0.0000000000000000     
         698         700          -1
obdef
loc1d
   0.6666666600000000
kind
           1
  2160         58
   1.0000000000000000     
 OBS          700
  -12.653515779304630     
  -12.877999684624665     
   0.0000000000000000     
         699         701          -1
obdef
loc1d
   0.0000000000000000
kind
           1
 23760         58
   1.0000000000000000     
 OBS          701
  -8.1100175424894765     
  -9.4035215985091920     
   0.0000000000000000     
         700         702          -1
obdef
loc1d
   0.3333333300000000
kind
           1
 23760         58
   1.0000000000000000     
 OBS          702
   35.216705010203611     
   36.106973971499016     
   0.0000000000000000     
         701         703          -1
obdef
loc1d
   0.6666666600000000
kind
           1
 23760         58
   1.0000000000000000     
 OBS          703
  -9.4772033213827633     
  -9.7532731837317677     
   0.0000000000000000     
         702         704          -1
obdef
loc1d
   0.0000000000000000
kind
           1
 45360         58
   1.0000000000000000     
 OBS          704
  -2.3273507858932101     
  -3.5876870204908680     
   0.0000000000000000     
         703         705          -1
obdef
loc1d
   0.3333333300000000
kind
           1
 45360         58
   1.0000000000000000     
 OBS          705
   34.201871980462109     
   34.763930412809408     
   0.0000000000000000     
         704         706          -1
obdef
loc1d
   0.6666666600000000
kind
           1
 45360         58
   1.0000000000000000     
 OBS          706
  -6.3426818691709128     
  -6.2365329051524530     
   0.0000000000000000     
         705         707          -1
obdef
loc1d
   0.0000000000000000
kind
           1
 66960         58
   1.0000000000000000     
 OBS          707
 -0.84857071189197941     
  -1.1233794692899881     
   0.0000000000000000     
         706         708          -1
obdef
loc1d
   0.3333333300000000
kind
           1
 66960         58
   1.0000000000000000     
 OBS          708
   31.558793367649443     
   30.559152816929835     
   0.0000000000000000     
         707         709          -1
obdef
loc1d
   0.6666666600000000
kind
           1
 66960         58
   1.0000000000000000     
 OBS          709
  -3.5860314735569845     
  -3.8251865769009115     
   0.0000000000000000     
         708         710          -1
obdef
loc1d
   0.0000000000000000
kind
           1
  2160         59
   1.0000000000000000     
 OBS          710
  -1.2874763978810144     
 -0.90309704858455397     
   0.0000000000000000     
         709         711          -1
obdef
loc1d
   0.3333333300000000
kind
           1
  2160         59
   1.0000000000000000     
 OBS          711
   25.974114629394073     
   26.285017102189311     
   0.0000000000000000     
         710         712          -1
obdef
loc1d
   0.6666666600000000
kind
           1
  2160         59
   1.0000000000000000     
 OBS          712
  -3.5825087580208717     
  -2.6386571215171220     
   0.0000000000000000     
         711         713          -1
obdef
loc1d
   0.0000000000000000
kind
           1
 23760         59
   1.0000000000000000     
 OBS          713
  -1.9641027974242622     
  -1.4905672596808395     
   0.0000000000000000     
         712         714          -1
obdef
loc1d
   0.3333333300000000
kind
           1
 23760         59
   1.0000000000000000     
 OBS          714
   22.687551282001248     
   22.597932672524802     
   0.0000000000000000     
         713         715          -1
obdef
loc1d
   0.6666666600000000
kind
           1
 23760         59
   1.0000000000000000     
 OBS          715
  -3.8824060568640428     
  -2.3338911774510369     
   0.0000000000000000     
         714         716          -1
obdef
loc1d
   0.0000000000000000
kind
           1
 45360         59
   1.0000000000000000     
 OBS          716
 -0.71602440523780464     
  -2.3877298074357243     
   0.0000000000000000     
         715         717          -1
obdef
loc1d
   0.3333333300000000
kind
           1
 45360         59
   1.0000000000000000     
 OBS          717
   19.369009263678684     
   19.514273560512830     
   0.0000000000000000     
         716         718          -1
obdef
loc1d
   0.6666666600000000
kind
           1
 45360         59
   1.0000000000000000     
 OBS          718
  -1.2945495775774376     
  -2.6528318368874722     
   0.0000000000000000     
         717         719          -1
obdef
loc1d
   0.0000000000000000
kind
           1
 66960         59
   1.0000000000000000     
 OBS          719
  -5.1195817148199971     
  -3.6475075537555828     
   0.0000000000000000     
         718         720          -1
obdef
loc1d
   0.3333333300000000
kind
           1
 66960         59
   1.0000000000000000     
 OBS          720
   17.681252881888842     
   17.037588447634512     
   0.0000000000000000     
         719         721          -1
obdef
loc1d
   0.6666666600000000
kind
           1
 66960         59
   1.0000000000000000     
 OBS          721
  -3.1981630526486065     
  -3.5437531920407377     
   0.0000000000000000     
         720         722          -1
obdef
loc1d
   0.0000000000000000
kind
           1
  2160         60
   1.0000000000000000     
 OBS          722
  -6.6532818556761404     
  -5.5593237099697923     
   0.0000000000000000     
         721         723          -1
obdef
loc1d
   0.3333333300000000
kind
           1
  2160         60
   1.0000000000000000     
 OBS          723
   16.426672903587850     
   15.299325616757935     
   0.0000000000000000     
         722         724          -1
obdef
loc1d
   0.6666666600000000
kind
           1
  2160         60
   1.0000000000000000     
 OBS          724
  -5.6364049160240688     
  -5.1384577370590625     
   0.0000000000000000     
         723         725          -1
obdef
loc1d
   0.0000000000000000
kind
           1
 23760         60
   1.0000000000000000     
 OBS          725
  -8.4084908554958950     
  -8.5109269621955548     
   0.0000000000000000     
         724         726          -1
obdef
loc1d
   0.3333333300000000
kind
           1
 23760         60
   1.0000000000000000     
 OBS          726
   14.634476973673461     
   14.718642079803811     
   0.0000000000000000     
         725         727          -1
obdef
loc1d
   0.6666666600000000
kind
           1
 23760         60
   1.0000000000000000     
 OBS          727
  -6.9370505841358918     
  -7.6555122445101729     
   0.0000000000000000     
         726         728          -1
obdef
loc1d
   0.0000000000000000
kind
           1
 45360         60
   1.0000000000000000     
 OBS          728
  -11.930911876435299     
  -12.684052845819460     
   0.0000000000000000     
         727         729          -1
obdef
loc1d
   0.3333333300000000
kind
           1
 45360         60
   1.0000000000000000     
 OBS          729
   17.891981399066061     
   16.309122487437012     
   0.0000000000000000     
         728         730          -1
obdef
loc1d
   0.6666666600000000
kind
           1
 45360         60
   1.0000000000000000     
 OBS          730
  -9.1798071288905838     
  -11.034417248505394     
   0.0000000000000000     
         729         731          -1
obdef
loc1d
   0.0000000000000000
kind
           1
 66960         60
   1.0000000000000000     
 OBS          731
  -15.544606639322472     
  -16.924951188289317     
   0.0000000000000000     
         730         732          -1
obdef
loc1d
   0.3333333300000000
kind
           1
 66960         60
   1.0000000000000000     
 OBS          732
   20.812286452403331     
   21.733203736481354     
   0.0000000000000000     
         731         733          -1
obdef
loc1d
   0.6666666600000000
kind
           1
 66960         60
   1.0000000000000000     
 OBS          733
  -14.143189641192953     
  -14.004429087493264     
   0.0000000000000000     
         732         734          -1
obdef
loc1d
   0.0000000000000000
kind
           1
  2160         61
   1.0000000000000000     
 OBS          734
  -17.434156401325474     
  -17.112917116478876     
   0.0000000000000000     
         733         735          -1
obdef
loc1d
   0.3333333300000000
kind
           1
  2160         61
   1.0000000000000000     
 OBS          735
   31.484873609718630     
   30.934703864710734     
   0.0000000000000000     
         734         736          -1
obdef
loc1d
   0.6666666600000000
kind
           1
  2160         61
   1.0000000000000000     
 OBS          736
  -15.013435702625682     
  -13.930880046765129     
   0.0000000000000000     
         735         737          -1
obdef
loc1d
   0.0000000000000000
kind
           1
 23760         61
   1.0000000000000000     
 OBS          737
  -9.8154552030946753     
  -10.354684752263765     
   0.0000000000000000     
         736         738          -1
obdef
loc1d
   0.3333333300000000
kind
           1
 23760         61
   1.0000000000000000     
 OBS          738
   37.662274784352874     
   37.573764489879771     
   0.0000000000000000     
         737         739          -1
obdef
loc1d
   0.6666666600000000
kind
           1
 23760         61
   1.0000000000000000     
 OBS          739
  -10.743480470333223     
  -10.316074672604097     
   0.0000000000000000     
         738         740          -1
obdef
loc1d
   0.0000000000000000
kind
           1
 45360         61
   1.0000000000000000     
 OBS          740
  -1.4718086504214991     
  -2.8655272684542941     
   0.0000000000000000     
         739         741          -1
obdef
loc1d
   0.3333333300000000
kind
           1
 45360         61
   1.0000000000000000     
 OBS          741
   36.511789597987843     
   36.375884405605241     
   0.0000000000000000     
         740         742          -1
obdef
loc1d
   0.6666666600000000
kind
           1
 45360         61
   1.0000000000000000     
 OBS          742
  -5.3343856900318212     
  -6.0253554593722116     
   0.0000000000000000     
         741         743          -1
obdef
loc1d
   0.0000000000000000
kind
           1
 66960         61
   1.0000000000000000     
 OBS          743
  0.61115464019385735     
  0.22740494797414693     
   0.0000000000000000     
         742         744          -1
obdef
loc1d
   0.3333333300000000
kind
           1
 66960         61
   1.0000000000000000     
 OBS          744
   32.119867635536352     
   31.468124624411349     
   0.0000000000000000     
         743         745          -1
obdef
loc1d
   0.6666666600000000
kind
           1
 66960         61
   1.0000000000000000     
 OBS          745
  -2.1198231018720848     
  -3.0724197779274682     
   0.0000000000000000     
         744         746          -1
obdef
loc1d
   0.0000000000000000
kind
           1
  2160         62
   1.0000000000000000     
 OBS          746
 -0.16085029492093306     
  0.53952717666862005     
   0.0000000000000000     
         745         747          -1
obdef
loc1d
   0.3333333300000000
kind
           1
  2160         62
   1.0000000000000000     
 OBS          747
   27.276930352120221     
   26.694619650208740     
   0.0000000000000000     
         746         748          -1
obdef
loc1d
   0.6666666600000000
kind
           1
  2160         62
   1.0000000000000000     
 OBS          748
  -4.0906825587382514     
  -1.5448767943877764     
   0.0000000000000000     
         747         749          -1
obdef
loc1d
   0.0000000000000000
kind
           1
 23760         62
   1.0000000000000000     
 OBS          749
 -0.21896518757675787     
  0.10615544629148958     
   0.0000000000000000     
         748         750          -1
obdef
loc1d
   0.3333333300000000
kind
           1
 23760         62
   1.0000000000000000     
 OBS          750
   23.835335753033704     
   22.704296091897781     
   0.0000000000000000     
         749         751          -1
obdef
loc1d
   0.6666666600000000
kind
           1
 23760         62
   1.0000000000000000     
 OBS          751
  -1.3285665925188215     
 -0.92128580041578401     
   0.0000000000000000     
         750         752          -1
obdef
loc1d
   0.0000000000000000
kind
           1
 45360         62
   1.0000000000000000     
 OBS          752
  0.65766738863984631     
 -0.36968865452958793     
   0.0000000000000000     
         751         753          -1
obdef
loc1d
   0.3333333300000000
kind
           1
 45360         62
   1.0000000000000000     
 OBS          753
   18.534660831365500     
   19.355492281066361     
   0.0000000000000000     
         752         754          -1
obdef
loc1d
   0.6666666600000000
kind
           1
 45360         62
   1.0000000000000000     
 OBS          754
 -0.46594010410221504     
 -0.78605053098977318     
   0.0000000000000000     
         753         755          -1
obdef
loc1d
   0.0000000000000000
kind
           1
 66960         62
   1.0000000000000000     
 OBS          755
  0.29774051817133607     
 -0.83040660824797030     
   0.0000000000000000     
         754         756          -1
obdef
loc1d
   0.3333333300000000
kind
           1
 66960         62
   1.0000000000000000     
 OBS          756
   18.586864156872352     
   16.521144597339649     
   0.0000000000000000     
         755         757          -1
obdef
loc1d
   0.6666666600000000
kind
           1
 66960         62
   1.0000000000000000     
 OBS          757
  -1.3544054973405872     
 -0.94171536285383395     
   0.0000000000000000     
         756         758          -1
obdef
loc1d
   0.0000000000000000
kind
           1
  2160         63
   1.0000000000000000     
 OBS          758
  -2.3512923465135445     
  -1.4082977805425121     
   0.0000000000000000     
         757         759          -1
obdef
loc1d
   0.3333333300000000
kind
           1
  2160         63
   1.0000000000000000     
 OBS          759
   13.970327806648310     
   14.131012343232202     
   0.0000000000000000     
         758         760          -1
obdef
loc1d
   0.6666666600000000
kind
           1
  2160         63
   1.0000000000000000     
 OBS          760
  -2.0554672258474627     
  -1.3581877415353354     
   0.0000000000000000     
         759         761          -1
obdef
loc1d
   0.0000000000000000
kind
           1
 23760         63
   1.0000000000000000     
 OBS          761
  -3.6432244851004900     
  -2.3084232151096788     
   0.0000000000000000     
         760         762          -1
obdef
loc1d
   0.3333333300000000
kind
           1
 23760         63
   1.0000000000000000     
 OBS          762
   10.693501999782338     
   12.158488630730904     
   0.0000000000000000     
         761         763          -1
obdef
loc1d
   0.6666666600000000
kind
           1
 23760         63
   1.0000000000000000     
 OBS          763
  -2.4247079579821467     
  -2.1343080757713802     
   0.0000000000000000     
         762         764          -1
obdef
loc1d
   0.0000000000000000
kind
           1
 45360         63
   1.0000000000000000     
 OBS          764
  -2.7389697804872415     
  -3.8387104247717465     
   0.0000000000000000     
         763         765          -1
obdef
loc1d
   0.3333333300000000
kind
           1
 45360         63
   1.0000000000000000     
 OBS          765
   9.9478751869964963     
   10.654488033778842     
   0.0000000000000000     
         764         766          -1
obdef
loc1d
   0.6666666600000000
kind
           1
 45360         63
   1.0000000000000000     
 OBS          766
  -1.5698662605310230     
  -3.5047520604308771     
   0.0000000000000000     
         765         767          -1
obdef
loc1d
   0.0000000000000000
kind
           1
 66960         63
   1.0000000000000000     
 OBS          767
  -8.4262795342867847     
  -6.4854654690190108     
   0.0000000000000000     
         766         768          -1
obdef
loc1d
   0.3333333300000000
kind
           1
 66960         63
   1.0000000000000000     
 OBS          768
   9.9238354026898250     
   9.8766068361004571     
   0.0000000000000000     
         767         769          -1
obdef
loc1d
   0.6666666600000000
kind
           1
 66960         63
   1.0000000000000000     
 OBS          769
  -6.4106349133563230     
  -5.8639168330077069     
   0.0000000000000000     
         768         770          -1
obdef
loc1d
   0.0000000000000000
kind
           1
  2160         64
   1.0000000000000000     
 OBS          770
  -10.860155987816645     
  -10.890765853705737     
   0.0000000000000000     
         769         771          -1
obdef
loc1d
   0.3333333300000000
kind
           1
  2160         64
   1.0000000000000000     
 OBS          771
   9.1797167481371211     
   10.657153649803284     
   0.0000000000000000     
         770         772          -1
obdef
loc1d
   0.6666666600000000
kind
           1
  2160         64
   1.0000000000000000     
 OBS          772
  -10.465309400391455     
  -9.6300664993739886     
   0.0000000000000000     
         771         773          -1
obdef
loc1d
   0.0000000000000000
kind
           1
 23760         64
   1.0000000000000000     
 OBS          773
  -17.551552633188006     
  -17.083869858381082     
   0.0000000000000000     
         772         774          -1
obdef
loc1d
   0.3333333300000000
kind
           1
 23760         64
   1.0000000000000000     
 OBS          774
   15.834369618944724     
   15.140578719389774     
   0.0000000000000000     
         773         775          -1
obdef
loc1d
   0.6666666600000000
kind
           1
 23760         64
   1.0000000000000000     
 OBS          775
  -14.827007892286520     
  -14.289046939228449     
   0.0000000000000000     
         774         776          -1
obdef
loc1d
   0.0000000000000000
kind
           1
 45360         64
   1.0000000000000000     
 OBS          776
  -21.528062568865344     
  -21.322598294502363     
   0.0000000000000000     
         775         777          -1
obdef
loc1d
   0.3333333300000000
kind
           1
 45360         64
   1.0000000000000000     
 OBS          777
   25.589335602929147     
   26.219333286456166     
   0.0000000000000000     
         776         778          -1
obdef
loc1d
   0.6666666600000000
kind
           1
 45360         64
   1.0000000000000000     
 OBS          778
  -15.953932983920330     
  -16.412615703517591     
   0.0000000000000000     
         777         779          -1
obdef
loc1d
   0.0000000000000000
kind
           1
 66960         64
   1.0000000000000000     
 OBS          779
  -16.065105579494805     
  -15.098243335126670     
   0.0000000000000000     
         778         780          -1
obdef
loc1d
   0.3333333300000000
kind
           1
 66960         64
   1.0000000000000000     
 OBS          780
   39.923561117007701     
   39.173508070554348     
   0.0000000000000000     
         779         781          -1
obdef
loc1d
   0.6666666600000000
kind
           1
 66960         64
   1.0000000000000000     
 OBS          781
  -12.232284934811927     
  -12.653216814509582     
   0.0000000000000000     
         780         782          -1
obdef
loc1d
   0.0000000000000000
kind
           1
  2160         65
   1.0000000000000000     
 OBS          782
  -3.4415653590250086     
  -2.7803304640775610     
   0.0000000000000000     
         781         783          -1
obdef
loc1d
   0.3333333300000000
kind
           1
  2160         65
   1.0000000000000000     
 OBS          783
   41.628012568632087     
   40.708267995494417     
   0.0000000000000000     
         782         784          -1
obdef
loc1d
   0.6666666600000000
kind
           1
  2160         65
   1.0000000000000000     
 OBS          784
  -5.8521714141002503     
  -6.4734416123971297     
   0.0000000000000000     
         783         785          -1
obdef
loc1d
   0.0000000000000000
kind
           1
 23760         65
   1.0000000000000000     
 OBS          785
   2.1577211429377199     
   2.9621696606914649     
   0.0000000000000000     
         784         786          -1
obdef
loc1d
   0.3333333300000000
kind
           1
 23760         65
   1.0000000000000000     
 OBS          786
   35.715682015590104     
   34.419931261328777     
   0.0000000000000000     
         785         787          -1
obdef
loc1d
   0.6666666600000000
kind
           1
 23760         65
   1.0000000000000000     
 OBS          787
  -1.7698378611831662     
  -1.9460801765847831     
   0.0000000000000000     
         786         788          -1
obdef
loc1d
   0.0000000000000000
kind
           1
 45360         65
   1.0000000000000000     
 OBS          788
   2.8103863238004747     
   3.6945261424315774     
   0.0000000000000000     
         787         789          -1
obdef
loc1d
   0.3333333300000000
kind
           1
 45360         65
   1.0000000000000000     
 OBS          789
   27.648025810885564     
   28.570547329046939     
   0.0000000000000000     
         788         790          -1
obdef
loc1d
   0.6666666600000000
kind
           1
 45360         65
   1.0000000000000000     
 OBS          790
  0.60616130109005362     
  0.53755735513016245     
   0.0000000000000000     
         789         791          -1
obdef
loc1d
   0.0000000000000000
kind
           1
 66960         65
   1.0000000000000000     
 OBS          791
   3.0892062140892813     
   3.4792084427512231     
   0.0000000000000000     
         790         792          -1
obdef
loc1d
   0.3333333300000000
kind
           1
 66960         65
   1.0000000000000000     
 OBS          792
   21.656904126111602     
   24.239500271052592     
   0.0000000000000000     
         791         793          -1
obdef
loc1d
   0.6666666600000000
kind
           1
 66960         65
   1.0000000000000000     
 OBS          793
   1.6869461438464248     
   1.8940165687354871     
   0.0000000000000000     
         792         794          -1
obdef
loc1d
   0.0000000000000000
kind
           1
  2160         66
   1.0000000000000000     
 OBS          794
   2.9004538264691342     
   3.7113805852857840     
   0.0000000000000000     
         793         795          -1
obdef
loc1d
   0.3333333300000000
kind
           1
  2160         66
   1.0000000000000000     
 OBS          795
   20.194508509143258     
   20.911240661180972     
   0.0000000000000000     
         794         796          -1
obdef
loc1d
   0.6666666600000000
kind
           1
  2160         66
   1.0000000000000000     
 OBS          796
   2.5103237740848496     
   2.9256048860043125     
   0.0000000000000000     
         795         797          -1
obdef
loc1d
   0.0000000000000000
kind
           1
 23760         66
   1.0000000000000000     
 OBS          797
   6.8363896072844055     
   4.6963626030137995     
   0.0000000000000000     
         796         798          -1
obdef
loc1d
   0.3333333300000000
kind
           1
 23760         66
   1.0000000000000000     
 OBS          798
   18.217138319947342     
   18.382274345125580     
   0.0000000000000000     
         797         799          -1
obdef
loc1d
   0.6666666600000000
kind
           1
 23760         66
   1.0000000000000000     
 OBS          799
   3.4145776236781780     
   4.1545039823894498     
   0.0000000000000000     
         798         800          -1
obdef
loc1d
   0.0000000000000000
kind
           1
 45360         66
   1.0000000000000000     
 OBS          800
   6.4298864554287025     
   6.5861156791187003     
   0.0000000000000000     
         799         801          -1
obdef
loc1d
   0.3333333300000000
kind
           1
 45360         66
   1.0000000000000000     
 OBS          801
   16.420400732616507     
   16.765558818855872     
   0.0000000000000000     
         800         802          -1
obdef
loc1d
   0.6666666600000000
kind
           1
 45360         66
   1.0000000000000000     
 OBS          802
   5.1242261610048745     
   5.9446193044251956     
   0.0000000000000000     
         801         803          -1
obdef
loc1d
   0.0000000000000000
kind
           1
 66960         66
   1.0000000000000000     
 OBS          803
   8.4440929396698863     
   9.5528393773614457     
   0.0000000000000000     
         802         804          -1
obdef
loc1d
   0.3333333300000000
kind
           1
 66960         66
   1.0000000000000000     
 OBS          804
   15.658035720207572     
   16.539404192219486     
   0.0000000000000000     
         803         805          -1
obdef
loc1d
   0.6666666600000000
kind
           1
 66960         66
   1.0000000000000000     
 OBS          805
   8.0450819958534634     
   8.5126223623211104     
   0.0000000000000000     
         804         806          -1
obdef
loc1d
   0.0000000000000000
kind
           1
  2160         67
   1.0000000000000000     
 OBS          806
   12.575130408938023     
   13.407149163977349     
   0.0000000000000000     
         805         807          -1
obdef
loc1d
   0.3333333300000000
kind
           1
  2160         67
   1.0000000000000000     
 OBS          807
   20.469025090356084     
   18.727969656064470     
   0.0000000000000000     
         806         808          -1
obdef
loc1d
   0.6666666600000000
kind
           1
  2160         67
   1.0000000000000000     
 OBS          808
   10.314470724953722     
   11.574764404612406     
   0.0000000000000000     
         807         809          -1
obdef
loc1d
   0.0000000000000000
kind
           1
 23760         67
   1.0000000000000000     
 OBS          809
   16.014283348899966     
   16.451861441027333     
   0.0000000000000000     
         808         810          -1
obdef
loc1d
   0.3333333300000000
kind
           1
 23760         67
   1.0000000000000000     
 OBS          810
   26.884417669498173     
   24.497875597119030     
   0.0000000000000000     
         809         811          -1
obdef
loc1d
   0.6666666600000000
kind
           1
 23760         67
   1.0000000000000000     
 OBS          811
   13.504766671421535     
   13.656897980524278     
   0.0000000000000000     
         810         812          -1
obdef
loc1d
   0.0000000000000000
kind
           1
 45360         67
   1.0000000000000000     
 OBS          812
   15.604187116152259     
   15.011714253387847     
   0.0000000000000000     
         811         813          -1
obdef
loc1d
   0.3333333300000000
kind
           1
 45360         67
   1.0000000000000000     
 OBS          813
   33.937377785521768     
   32.423926417653817     
   0.0000000000000000     
         812         814          -1
obdef
loc1d
   0.6666666600000000
kind
           1
 45360         67
   1.0000000000000000     
 OBS          814
   15.270609499115361     
   12.763755280523515     
   0.0000000000000000     
         813         815          -1
obdef
loc1d
   0.0000000000000000
kind
           1
 66960         67
   1.0000000000000000     
 OBS          815
   7.2757161241862160     
   8.5638045602688102     
   0.0000000000000000     
         814         816          -1
obdef
loc1d
   0.3333333300000000
kind
           1
 66960         67
   1.0000000000000000     
 OBS          816
   37.324896467857904     
   36.587976599359692     
   0.0000000000000000     
         815         817          -1
obdef
loc1d
   0.6666666600000000
kind
           1
 66960         67
   1.0000000000000000     
 OBS          817
   9.6854516409868854     
   9.3142855937465772     
   0.0000000000000000     
         816         818          -1
obdef
loc1d
   0.0000000000000000
kind
           1
  2160         68
   1.0000000000000000     
 OBS          818
   1.3852760777892790     
   2.8524127733240712     
   0.0000000000000000     
         817         819          -1
obdef
loc1d
   0.3333333300000000
kind
           1
  2160         68
   1.0000000000000000     
 OBS          819
   35.634777982357569     
   34.559618727406011     
   0.0000000000000000     
         818         820          -1
obdef
loc1d
   0.6666666600000000
kind
           1
  2160         68
   1.0000000000000000     
 OBS          820
   5.1756972119674005     
   5.7498233499434122     
   0.0000000000000000     
         819         821          -1
obdef
loc1d
   0.0000000000000000
kind
           1
 23760         68
   1.0000000000000000     
 OBS          821
  -1.1664643641314776     
  0.71767433439171358     
   0.0000000000000000     
         820         822          -1
obdef
loc1d
   0.3333333300000000
kind
           1
 23760         68
   1.0000000000000000     
 OBS          822
   31.252445883126580     
   30.096043207495558     
   0.0000000000000000     
         821         823          -1
obdef
loc1d
   0.6666666600000000
kind
           1
 23760         68
   1.0000000000000000     
 OBS          823
   3.4331236266864660     
   3.4223966607539760     
   0.0000000000000000     
         822         824          -1
obdef
loc1d
   0.0000000000000000
kind
           1
 45360         68
   1.0000000000000000     
 OBS          824
   1.6409208680332350     
  0.65833956210451183     
   0.0000000000000000     
         823         825          -1
obdef
loc1d
   0.3333333300000000
kind
           1
 45360         68
   1.0000000000000000     
 OBS          825
   24.000510402281201     
   25.791013470436958     
   0.0000000000000000     
         824         826          -1
obdef
loc1d
   0.6666666600000000
kind
           1
 45360         68
   1.0000000000000000     
 OBS          826
   3.1125680192437177     
   2.3155494738221583     
   0.0000000000000000     
         825         827          -1
obdef
loc1d
   0.0000000000000000
kind
           1
 66960         68
   1.0000000000000000     
 OBS          827
 -0.16911742578543665     
   1.2643323833014626     
   0.0000000000000000     
         826         828          -1
obdef
loc1d
   0.3333333300000000
kind
           1
 66960         68
   1.0000000000000000     
 OBS          828
   23.594039891881032     
   22.119157690030434     
   0.0000000000000000     
         827         829          -1
obdef
loc1d
   0.6666666600000000
kind
           1
 66960         68
   1.0000000000000000     
 OBS          829
   2.6159174550742379     
   2.0435544050144667     
   0.0000000000000000     
         828         830          -1
obdef
loc1d
   0.0000000000000000
kind
           1
  2160         69
   1.0000000000000000     
 OBS          830
   1.1607645427865880     
   2.1101651754992785     
   0.0000000000000000     
         829         831          -1
obdef
loc1d
   0.3333333300000000
kind
           1
  2160         69
   1.0000000000000000     
 OBS          831
   20.149568126923239     
   19.045083103728654     
   0.0000000000000000     
         830         832          -1
obdef
loc1d
   0.6666666600000000
kind
           1
  2160         69
   1.0000000000000000     
 OBS          832
   2.2042384111716657     
   2.3467126354715764     
   0.0000000000000000     
         831         833          -1
obdef
loc1d
   0.0000000000000000
kind
           1
 23760         69
   1.0000000000000000     
 OBS          833
   4.7661697621894525     
   3.2776044232175896     
   0.0000000000000000     
         832         834          -1
obdef
loc1d
   0.3333333300000000
kind
           1
 23760         69
   1.0000000000000000     
 OBS          834
   16.546413983847398     
   16.550239947774646     
   0.0000000000000000     
         833         835          -1
obdef
loc1d
   0.6666666600000000
kind
           1
 23760         69
   1.0000000000000000     
 OBS          835
   1.7045245491962890     
   3.1784512357595900     
   0.0000000000000000     
         834         836          -1
obdef
loc1d
   0.0000000000000000
kind
           1
 45360         69
   1.0000000000000000     
 OBS          836
   4.7301008156796547     
   5.0622729165359521     
   0.0000000000000000     
         835         837          -1
obdef
loc1d
   0.3333333300000000
kind
           1
 45360         69
   1.0000000000000000     
 OBS          837
   14.049672643262552     
   14.733524520814660     
   0.0000000000000000     
         836         838          -1
obdef
loc1d
   0.6666666600000000
kind
           1
 45360         69
   1.0000000000000000     
 OBS          838
   4.2541811631322526     
   4.6787281577571136     
   0.0000000000000000     
         837         839          -1
obdef
loc1d
   0.0000000000000000
kind
           1
 66960         69
   1.0000000000000000     
 OBS          839
   6.9186151843298376     
   7.8770610235249290     
   0.0000000000000000     
         838         840          -1
obdef
loc1d
   0.3333333300000000
kind
           1
 66960         69
   1.0000000000000000     
 OBS          840
   15.065582896612995     
   13.952598826834018     
   0.0000000000000000     
         839         841          -1
obdef
loc1d
   0.6666666600000000
kind
           1
 66960         69
   1.0000000000000000     
 OBS          841
   6.6766602966213870     
   7.1034760375024018     
   0.0000000000000000     
         840         842          -1
obdef
loc1d
   0.0000000000000000
kind
           1
  2160         70
   1.0000000000000000     
 OBS          842
   13.122761738463302     
   12.035868982147477     
   0.0000000000000000     
         841         843          -1
obdef
loc1d
   0.3333333300000000
kind
           1
  2160         70
   1.0000000000000000     
 OBS          843
   15.160034438360412     
   15.140263922099795     
   0.0000000000000000     
         842         844          -1
obdef
loc1d
   0.6666666600000000
kind
           1
  2160         70
   1.0000000000000000     
 OBS          844
   10.327662373147540     
   10.528676260547677     
   0.0000000000000000     
         843         845          -1
obdef
loc1d
   0.0000000000000000
kind
           1
 23760         70
   1.0000000000000000     
 OBS          845
   15.526247298163593     
   16.754494086664252     
   0.0000000000000000     
         844         846          -1
obdef
loc1d
   0.3333333300000000
kind
           1
 23760         70
   1.0000000000000000     
 OBS          846
   20.478424980226542     
   20.060307672373032     
   0.0000000000000000     
         845         847          -1
obdef
loc1d
   0.6666666600000000
kind
           1
 23760         70
   1.0000000000000000     
 OBS          847
   11.756385201321125     
   13.925899221163046     
   0.0000000000000000     
         846         848          -1
obdef
loc1d
   0.0000000000000000
kind
           1
 45360         70
   1.0000000000000000     
 OBS          848
   18.833188092348120     
   18.103656804880597     
   0.0000000000000000     
         847         849          -1
obdef
loc1d
   0.3333333300000000
kind
           1
 45360         70
   1.0000000000000000     
 OBS          849
   27.213825135035755     
   29.482491338150695     
   0.0000000000000000     
         848         850          -1
obdef
loc1d
   0.6666666600000000
kind
           1
 45360         70
   1.0000000000000000     
 OBS          850
   12.667427831108206     
   14.512743434386657     
   0.0000000000000000     
         849         851          -1
obdef
loc1d
   0.0000000000000000
kind
           1
 66960         70
   1.0000000000000000     
 OBS          851
   10.128995432378659     
   11.786013922965795     
   0.0000000000000000     
         850         852          -1
obdef
loc1d
   0.3333333300000000
kind
           1
 66960         70
   1.0000000000000000     
 OBS          852
   36.532848943118275     
   37.637067735609691     
   0.0000000000000000     
         851         853          -1
obdef
loc1d
   0.6666666600000000
kind
           1
 66960         70
   1.0000000000000000     
 OBS          853
   11.095357340855490     
   11.059286318446688     
   0.0000000000000000     
         852         854          -1
obdef
loc1d
   0.0000000000000000
kind
           1
  2160         71
   1.0000000000000000     
 OBS          854
   2.2897150405798197     
   3.3162528098199839     
   0.0000000000000000     
         853         855          -1
obdef
loc1d
   0.3333333300000000
kind
           1
  2160         71
   1.0000000000000000     
 OBS          855
   37.328044006041225     
   37.398197101114619     
   0.0000000000000000     
         854         856          -1
obdef
loc1d
   0.6666666600000000
kind
           1
  2160         71
   1.0000000000000000     
 OBS          856
   7.2677248665949277     
   6.4208686267070547     
   0.0000000000000000     
         855         857          -1
obdef
loc1d
   0.0000000000000000
kind
           1
 23760         71
   1.0000000000000000     
 OBS          857
 -0.98398526782026807     
 -0.53420388716588263     
   0.0000000000000000     
         856         858          -1
obdef
loc1d
   0.3333333300000000
kind
           1
 23760         71
   1.0000000000000000     
 OBS          858
   33.068865040480659     
   32.391683214682558     
   0.0000000000000000     
         857         859          -1
obdef
loc1d
   0.6666666600000000
kind
           1
 23760         71
   1.0000000000000000     
 OBS          859
   4.5614704371402066     
   3.0845735054174384     
   0.0000000000000000     
         858         860          -1
obdef
loc1d
   0.0000000000000000
kind
           1
 45360         71
   1.0000000000000000     
 OBS          860
  0.20500489665021560     
  -1.0643133908945073     
   0.0000000000000000     
         859         861          -1
obdef
loc1d
   0.3333333300000000
kind
           1
 45360         71
   1.0000000000000000     
 OBS          861
   26.628697743412218     
   27.367224599034273     
   0.0000000000000000     
         860         862          -1
obdef
loc1d
   0.6666666600000000
kind
           1
 45360         71
   1.0000000000000000     
 OBS          862
   1.3367484886568755     
   1.2969891683108397     
   0.0000000000000000     
         861         863          -1
obdef
loc1d
   0.0000000000000000
kind
           1
 66960         71
   1.0000000000000000     
 OBS          863
  -1.3173926693893305     
 -0.70301107926707029     
   0.0000000000000000     
         862         864          -1
obdef
loc1d
   0.3333333300000000
kind
           1
 66960         71
   1.0000000000000000     
 OBS          864
   23.061466849851065     
   23.215975779376510     
   0.0000000000000000     
         863         865          -1
obdef
loc1d
   0.6666666600000000
kind
           1
 66960         71
   1.0000000000000000     
 OBS          865
 -0.35075853498499476     
  0.48770949595984625     
   0.0000000000000000     
         864         866          -1
obdef
loc1d
   0.0000000000000000
kind
           1
  2160         72
   1.0000000000000000     
 OBS          866
  0.82510160651978970     
 -0.35912282451039068     
   0.0000000000000000     
         865         867          -1
obdef
loc1d
   0.3333333300000000
kind
           1
  2160         72
   1.0000000000000000     
 OBS          867
   19.040208291829863     
   19.759076201677008     
   0.0000000000000000     
         866         868          -1
obdef
loc1d
   0.6666666600000000
kind
           1
  2160         72
   1.0000000000000000     
 OBS          868
 -0.54165683159594957     
  0.15753378127492312     
   0.0000000000000000     
         867         869          -1
obdef
loc1d
   0.0000000000000000
kind
           1
 23760         72
   1.0000000000000000     
 OBS          869
 -0.22298083678715558     
 -0.17599684673970709     
   0.0000000000000000     
         868         870          -1
obdef
loc1d
   0.3333333300000000
kind
           1
 23760         72
   1.0000000000000000     
 OBS          870
   18.014288914712708     
   16.833539834457902     
   0.0000000000000000     
         869         871          -1
obdef
loc1d
   0.6666666600000000
kind
           1
 23760         72
   1.0000000000000000     
 OBS          871
  -3.0382373825353325E-002
   2.7524695921627214E-002
   0.0000000000000000     
         870         872          -1
obdef
loc1d
   0.0000000000000000
kind
           1
 45360         72
   1.0000000000000000     
 OBS          872
 -0.10341063242581787     
 -0.10823582775167585     
   0.0000000000000000     
         871         873          -1
obdef
loc1d
   0.3333333300000000
kind
           1
 45360         72
   1.0000000000000000     
 OBS          873
   13.473708385592392     
   14.344236171969749     
   0.0000000000000000     
         872         874          -1
obdef
loc1d
   0.6666666600000000
kind
           1
 45360         72
   1.0000000000000000     
 OBS          874
  0.63544484047256711     
  -3.1337579567595933E-002
   0.0000000000000000     
         873         875          -1
obdef
loc1d
   0.0000000000000000
kind
           1
 66960         72
   1.0000000000000000     
 OBS          875
  -1.5236386500571211     
 -0.10714722160911351     
   0.0000000000000000     
         874         876          -1
obdef
loc1d
   0.3333333300000000
kind
           1
 66960         72
   1.0000000000000000     
 OBS          876
   10.425447715495983     
   12.223621251301179     
   0.0000000000000000     
         875         877          -1
obdef
loc1d
   0.6666666600000000
kind
           1
 66960         72
   1.0000000000000000     
 OBS          877
  0.40852916770742431     
  -7.5136216452388022E-002
   0.0000000000000000     
         876         878          -1
obdef
loc1d
   0.0000000000000000
kind
           1
  2160         73
   1.0000000000000000     
 OBS          878
 -0.44817411647455252     
 -0.15322819464953799     
   0.0000000000000000     
         877         879          -1
obdef
loc1d
   0.3333333300000000
kind
           1
  2160         73
   1.0000000000000000     
 OBS          879
   11.131549421523316     
   10.416871640982921     
   0.0000000000000000     
         878         880          -1
obdef
loc1d
   0.6666666600000000
kind
           1
  2160         73
   1.0000000000000000     
 OBS          880
  -1.1858735784936496     
 -0.13276833313311806     
   0.0000000000000000     
         879         881          -1
obdef
loc1d
   0.0000000000000000
kind
           1
 23760         73
   1.0000000000000000     
 OBS          881
 -0.95420025785470908     
 -0.25394752194888570     
   0.0000000000000000     
         880         882          -1
obdef
loc1d
   0.3333333300000000
kind
           1
 23760         73
   1.0000000000000000     
 OBS          882
   8.5057060582473376     
   8.8780040252515509     
   0.0000000000000000     
         881         883          -1
obdef
loc1d
   0.6666666600000000
kind
           1
 23760         73
   1.0000000000000000     
 OBS          883
  -1.6625602969512276     
 -0.23004004501671088     
   0.0000000000000000     
         882         884          -1
obdef
loc1d
   0.0000000000000000
kind
           1
 45360         73
   1.0000000000000000     
 OBS          884
  0.85230388505941324     
 -0.44399908144807176     
   0.0000000000000000     
         883         885          -1
obdef
loc1d
   0.3333333300000000
kind
           1
 45360         73
   1.0000000000000000     
 OBS          885
   6.4851566812096140     
   7.5689385745531519     
   0.0000000000000000     
         884         886          -1
obdef
loc1d
   0.6666666600000000
kind
           1
 45360         73
   1.0000000000000000     
 OBS          886
 -0.37502417503357777     
 -0.40585449734510370     
   0.0000000000000000     
         885         887          -1
obdef
loc1d
   0.0000000000000000
kind
           1
 66960         73
   1.0000000000000000     
 OBS          887
  -1.0747922061037669     
 -0.79786475797217649     
   0.0000000000000000     
         886         888          -1
obdef
loc1d
   0.3333333300000000
kind
           1
 66960         73
   1.0000000000000000     
 OBS          888
   7.2297393823318341     
   6.4607125132023882     
   0.0000000000000000     
         887         889          -1
obdef
loc1d
   0.6666666600000000
kind
           1
 66960         73
   1.0000000000000000     
 OBS          889
  -9.3458684136321746E-002
 -0.73118369437391995     
   0.0000000000000000     
         888         890          -1
obdef
loc1d
   0.0000000000000000
kind
           1
  2160         74
   1.0000000000000000     
 OBS          890
  -9.0277528042455257E-002
  -1.4615365079531546     
   0.0000000000000000     
         889         891          -1
obdef
loc1d
   0.3333333300000000
kind
           1
  2160         74
   1.0000000000000000     
 OBS          891
   5.4609260989236681     
   5.5405494354592841     
   0.0000000000000000     
         890         892          -1
obdef
loc1d
   0.6666666600000000
kind
           1
  2160         74
   1.0000000000000000     
 OBS          892
   3.6616989259841803E-002
  -1.3410570256440326     
   0.0000000000000000     
         891         893          -1
obdef
loc1d
   0.0000000000000000
kind
           1
 23760         74
   1.0000000000000000     
 OBS          893
  -2.2481736370443590     
  -2.7160650437354708     
   0.0000000000000000     
         892         894          -1
obdef
loc1d
   0.3333333300000000
kind
           1
 23760         74
   1.0000000000000000     
 OBS          894
   5.1309168293823708     
   4.8392766830408593     
   0.0000000000000000     
         893         895          -1
obdef
loc1d
   0.6666666600000000
kind
           1
 23760         74
   1.0000000000000000     
 OBS          895
  -1.0296321467221592E-002
  -2.4923333331510418     
   0.0000000000000000     
         894         896          -1
obdef
loc1d
   0.0000000000000000
kind
           1
 45360         74
   1.0000000000000000     
 OBS          896
  -5.5478631276494070     
  -5.0893344796581097     
   0.0000000000000000     
         895         897          -1
obdef
loc1d
   0.3333333300000000
kind
           1
 45360         74
   1.0000000000000000     
 OBS          897
   5.6555649032175017     
   4.5312869414720049     
   0.0000000000000000     
         896         898          -1
obdef
loc1d
   0.6666666600000000
kind
           1
 45360         74
   1.0000000000000000     
 OBS          898
  -5.1414132710610474     
  -4.6534467932308434     
   0.0000000000000000     
         897         899          -1
obdef
loc1d
   0.0000000000000000
kind
           1
 66960         74
   1.0000000000000000     
 OBS          899
  -9.6192359969318826     
  -9.4778330940490463     
   0.0000000000000000     
         898         900          -1
obdef
loc1d
   0.3333333300000000
kind
           1
 66960         74
   1.0000000000000000     
 OBS          900
   6.5515453219535775     
   5.2834028278939016     
   0.0000000000000000     
         899         901          -1
obdef
loc1d
   0.6666666600000000
kind
           1
 66960         74
   1.0000000000000000     
 OBS          901
  -9.1309566623181571     
  -8.5286911118887865     
   0.0000000000000000     
         900         902          -1
obdef
loc1d
   0.0000000000000000
kind
           1
  2160         75
   1.0000000000000000     
 OBS          902
  -17.849045647546788     
  -16.768334439778901     
   0.0000000000000000     
         901         903          -1
obdef
loc1d
   0.3333333300000000
kind
           1
  2160         75
   1.0000000000000000     
 OBS          903
   9.0411918107289999     
   9.2884728247197916     
   0.0000000000000000     
         902         904          -1
obdef
loc1d
   0.6666666600000000
kind
           1
  2160         75
   1.0000000000000000     
 OBS          904
  -13.255136648784436     
  -14.299135632115455     
   0.0000000000000000     
         903         905          -1
obdef
loc1d
   0.0000000000000000
kind
           1
 23760         75
   1.0000000000000000     
 OBS          905
  -23.736658542346657     
  -24.361156389860813     
   0.0000000000000000     
         904         906          -1
obdef
loc1d
   0.3333333300000000
kind
           1
 23760         75
   1.0000000000000000     
 OBS          906
   20.980791723773706     
   21.415061771654955     
   0.0000000000000000     
         905         907          -1
obdef
loc1d
   0.6666666600000000
kind
           1
 23760         75
   1.0000000000000000     
 OBS          907
  -18.476999033674552     
  -18.404901486782727     
   0.0000000000000000     
         906         908          -1
obdef
loc1d
   0.0000000000000000
kind
           1
 45360         75
   1.0000000000000000     
 OBS          908
  -19.306082667247569     
  -19.477615116769659     
   0.0000000000000000     
         907         909          -1
obdef
loc1d
   0.3333333300000000
kind
           1
 45360         75
   1.0000000000000000     
 OBS          909
   40.688538728928044     
   40.252553681273653     
   0.0000000000000000     
         908         910          -1
obdef
loc1d
   0.6666666600000000
kind
           1
 45360         75
   1.0000000000000000     
 OBS          910
  -14.035128818539125     
  -14.519154146049011     
   0.0000000000000000     
         909         911          -1
obdef
loc1d
   0.0000000000000000
kind
           1
 66960         75
   1.0000000000000000     
 OBS          911
  -1.1898694881059697     
  -2.0420786755901337     
   0.0000000000000000     
         910         912          -1
obdef
loc1d
   0.3333333300000000
kind
           1
 66960         75
   1.0000000000000000     
 OBS          912
   47.503110806838002     
   44.617946399490400     
   0.0000000000000000     
         911         913          -1
obdef
loc1d
   0.6666666600000000
kind
           1
 66960         75
   1.0000000000000000     
 OBS          913
  -6.7464257378458869     
  -6.3858088053353015     
   0.0000000000000000     
         912         914          -1
obdef
loc1d
   0.0000000000000000
kind
           1
  2160         76
   1.0000000000000000     
 OBS          914
   7.0961365162383885     
   6.1435151562816230     
   0.0000000000000000     
         913         915          -1
obdef
loc1d
   0.3333333300000000
kind
           1
  2160         76
   1.0000000000000000     
 OBS          915
   37.579560798123019     
   36.499022496511650     
   0.0000000000000000     
         914         916          -1
obdef
loc1d
   0.6666666600000000
kind
           1
  2160         76
   1.0000000000000000     
 OBS          916
 -0.17787599848890306     
 -0.43790808901712891     
   0.0000000000000000     
         915         917          -1
obdef
loc1d
   0.0000000000000000
kind
           1
 23760         76
   1.0000000000000000     
 OBS          917
   7.2045420132348053     
   6.8721837215916546     
   0.0000000000000000     
         916         918          -1
obdef
loc1d
   0.3333333300000000
kind
           1
 23760         76
   1.0000000000000000     
 OBS          918
   30.190181821094495     
   29.974548715226302     
   0.0000000000000000     
         917         919          -1
obdef
loc1d
   0.6666666600000000
kind
           1
 23760         76
   1.0000000000000000     
 OBS          919
   1.3983398432802134     
   2.7619638705684961     
   0.0000000000000000     
         918         920          -1
obdef
loc1d
   0.0000000000000000
kind
           1
 45360         76
   1.0000000000000000     
 OBS          920
   7.5473462976566372     
   6.5496636176437484     
   0.0000000000000000     
         919         921          -1
obdef
loc1d
   0.3333333300000000
kind
           1
 45360         76
   1.0000000000000000     
 OBS          921
   25.511281680219312     
   26.053454217307365     
   0.0000000000000000     
         920         922          -1
obdef
loc1d
   0.6666666600000000
kind
           1
 45360         76
   1.0000000000000000     
 OBS          922
   3.0659096353687669     
   4.5231699624192130     
   0.0000000000000000     
         921         923          -1
obdef
loc1d
   0.0000000000000000
kind
           1
 66960         76
   1.0000000000000000     
 OBS          923
   7.7618152921656716     
   6.9056903524458981     
   0.0000000000000000     
         922         924          -1
obdef
loc1d
   0.3333333300000000
kind
           1
 66960         76
   1.0000000000000000     
 OBS          924
   22.334179664173210     
   23.585198965878227     
   0.0000000000000000     
         923         925          -1
obdef
loc1d
   0.6666666600000000
kind
           1
 66960         76
   1.0000000000000000     
 OBS          925
   4.2627071855908039     
   5.8608108052626298     
   0.0000000000000000     
         924         926          -1
obdef
loc1d
   0.0000000000000000
kind
           1
  2160         77
   1.0000000000000000     
 OBS          926
   8.8772849554014872     
   8.0856605301026665     
   0.0000000000000000     
         925         927          -1
obdef
loc1d
   0.3333333300000000
kind
           1
  2160         77
   1.0000000000000000     
 OBS          927
   22.343376933307745     
   22.260237538114648     
   0.0000000000000000     
         926         928          -1
obdef
loc1d
   0.6666666600000000
kind
           1
  2160         77
   1.0000000000000000     
 OBS          928
   7.7609932258058789     
   7.2896664264774920     
   0.0000000000000000     
         927         929          -1
obdef
loc1d
   0.0000000000000000
kind
           1
 23760         77
   1.0000000000000000     
 OBS          929
   10.220907694812045     
   9.8605273885010707     
   0.0000000000000000     
         928         930          -1
obdef
loc1d
   0.3333333300000000
kind
           1
 23760         77
   1.0000000000000000     
 OBS          930
   22.612860407008956     
   22.249570945441192     
   0.0000000000000000     
         929         931          -1
obdef
loc1d
   0.6666666600000000
kind
           1
 23760         77
   1.0000000000000000     
 OBS          931
   7.7081184344365425     
   8.9158448990575447     
   0.0000000000000000     
         930         932          -1
obdef
loc1d
   0.0000000000000000
kind
           1
 45360         77
   1.0000000000000000     
 OBS          932
   12.343333858888856     
   11.675446537370403     
   0.0000000000000000     
         931         933          -1
obdef
loc1d
   0.3333333300000000
kind
           1
 45360         77
   1.0000000000000000     
 OBS          933
   24.264976664651766     
   23.846118274782118     
   0.0000000000000000     
         932         934          -1
obdef
loc1d
   0.6666666600000000
kind
           1
 45360         77
   1.0000000000000000     
 OBS          934
   11.644789602182620     
   10.427734982500372     
   0.0000000000000000     
         933         935          -1
obdef
loc1d
   0.0000000000000000
kind
           1
 66960         77
   1.0000000000000000     
 OBS          935
   12.387168158291496     
   12.495827098259323     
   0.0000000000000000     
         934         936          -1
obdef
loc1d
   0.3333333300000000
kind
           1
 66960         77
   1.0000000000000000     
 OBS          936
   27.439207820675541     
   26.928452805561477     
   0.0000000000000000     
         935         937          -1
obdef
loc1d
   0.6666666600000000
kind
           1
 66960         77
   1.0000000000000000     
 OBS          937
   11.698054884648810     
   11.153779244129218     
   0.0000000000000000     
         936         938          -1
obdef
loc1d
   0.0000000000000000
kind
           1
  2160         78
   1.0000000000000000     
 OBS          938
   11.382179375779504     
   11.328730407393319     
   0.0000000000000000     
         937         939          -1
obdef
loc1d
   0.3333333300000000
kind
           1
  2160         78
   1.0000000000000000     
 OBS          939
   30.899843208927525     
   30.247451479111795     
   0.0000000000000000     
         938         940          -1
obdef
loc1d
   0.6666666600000000
kind
           1
  2160         78
   1.0000000000000000     
 OBS          940
   10.518404624982866     
   10.578598678508788     
   0.0000000000000000     
         939         941          -1
obdef
loc1d
   0.0000000000000000
kind
           1
 23760         78
   1.0000000000000000     
 OBS          941
   9.8475241587734583     
   8.5789155362660861     
   0.0000000000000000     
         940         942          -1
obdef
loc1d
   0.3333333300000000
kind
           1
 23760         78
   1.0000000000000000     
 OBS          942
   31.301212357147566     
   31.859007278830532     
   0.0000000000000000     
         941         943          -1
obdef
loc1d
   0.6666666600000000
kind
           1
 23760         78
   1.0000000000000000     
 OBS          943
   8.9376822490177670     
   8.9930262437034543     
   0.0000000000000000     
         942         944          -1
obdef
loc1d
   0.0000000000000000
kind
           1
 45360         78
   1.0000000000000000     
 OBS          944
   5.4818694978245990     
   5.9862239486650797     
   0.0000000000000000     
         943         945          -1
obdef
loc1d
   0.3333333300000000
kind
           1
 45360         78
   1.0000000000000000     
 OBS          945
   30.847440161769015     
   31.066423870909059     
   0.0000000000000000     
         944         946          -1
obdef
loc1d
   0.6666666600000000
kind
           1
 45360         78
   1.0000000000000000     
 OBS          946
   8.0425860870230999     
   7.2567631191571778     
   0.0000000000000000     
         945         947          -1
obdef
loc1d
   0.0000000000000000
kind
           1
 66960         78
   1.0000000000000000     
 OBS          947
   4.0622033606268761     
   4.6753580369566059     
   0.0000000000000000     
         946         948          -1
obdef
loc1d
   0.3333333300000000
kind
           1
 66960         78
   1.0000000000000000     
 OBS          948
   28.383227129313667     
   28.808706118068589     
   0.0000000000000000     
         947         949          -1
obdef
loc1d
   0.6666666600000000
kind
           1
 66960         78
   1.0000000000000000     
 OBS          949
   6.5904128447497143     
   6.0309280271197006     
   0.0000000000000000     
         948         950          -1
obdef
loc1d
   0.0000000000000000
kind
           1
  2160         79
   1.0000000000000000     
 OBS          950
   5.1601816343132123     
   4.5826691115329199     
   0.0000000000000000     
         949         951          -1
obdef
loc1d
   0.3333333300000000
kind
           1
  2160         79
   1.0000000000000000     
 OBS          951
   26.584816498519015     
   26.202591567969392     
   0.0000000000000000     
         950         952          -1
obdef
loc1d
   0.6666666600000000
kind
           1
  2160         79
   1.0000000000000000     
 OBS          952
   5.6008524683798440     
   5.5337356489466760     
   0.0000000000000000     
         951         953          -1
obdef
loc1d
   0.0000000000000000
kind
           1
 23760         79
   1.0000000000000000     
 OBS          953
   3.6218113207605755     
   5.3128354200667331     
   0.0000000000000000     
         952         954          -1
obdef
loc1d
   0.3333333300000000
kind
           1
 23760         79
   1.0000000000000000     
 OBS          954
   24.196537860528483     
   23.878008421339604     
   0.0000000000000000     
         953         955          -1
obdef
loc1d
   0.6666666600000000
kind
           1
 23760         79
   1.0000000000000000     
 OBS          955
   5.4418615189912209     
   5.7439508565129440     
   0.0000000000000000     
         954         956          -1
obdef
loc1d
   0.0000000000000000
kind
           1
 45360         79
   1.0000000000000000     
 OBS          956
   6.4814847629021974     
   6.6446242861655760     
   0.0000000000000000     
         955         957          -1
obdef
loc1d
   0.3333333300000000
kind
           1
 45360         79
   1.0000000000000000     
 OBS          957
   22.572611585758459     
   22.190416918464450     
   0.0000000000000000     
         956         958          -1
obdef
loc1d
   0.6666666600000000
kind
           1
 45360         79
   1.0000000000000000     
 OBS          958
   8.1647832499010438     
   6.5920946117276298     
   0.0000000000000000     
         957         959          -1
obdef
loc1d
   0.0000000000000000
kind
           1
 66960         79
   1.0000000000000000     
 OBS          959
   8.1501001178874990     
   8.4953510473438225     
   0.0000000000000000     
         958         960          -1
obdef
loc1d
   0.3333333300000000
kind
           1
 66960         79
   1.0000000000000000     
 OBS          960
   21.217867947827507     
   21.483616224050149     
   0.0000000000000000     
         959         961          -1
obdef
loc1d
   0.6666666600000000
kind
           1
 66960         79
   1.0000000000000000     
 OBS          961
   7.1378324862059142     
   7.9850820069465440     
   0.0000000000000000     
         960         962          -1
obdef
loc1d
   0.0000000000000000
kind
           1
  2160         80
   1.0000000000000000     
 OBS          962
   10.444990814588273     
   10.658827742107844     
   0.0000000000000000     
         961         963          -1
obdef
loc1d
   0.3333333300000000
kind
           1
  2160         80
   1.0000000000000000     
 OBS          963
   21.812038060852661     
   22.189814323426223     
   0.0000000000000000     
         962         964          -1
obdef
loc1d
   0.6666666600000000
kind
           1
  2160         80
   1.0000000000000000     
 OBS          964
   9.8607512024609711     
   9.6724575159132531     
   0.0000000000000000     
         963         965          -1
obdef
loc1d
   0.0000000000000000
kind
           1
 23760         80
   1.0000000000000000     
 OBS          965
   12.762988344688184     
   12.446797425270228     
   0.0000000000000000     
         964         966          -1
obdef
loc1d
   0.3333333300000000
kind
           1
 23760         80
   1.0000000000000000     
 OBS          966
   24.399099011115172     
   24.642859396863823     
   0.0000000000000000     
         965         967          -1
obdef
loc1d
   0.6666666600000000
kind
           1
 23760         80
   1.0000000000000000     
 OBS          967
   9.7461627344453561     
   11.054552004164229     
   0.0000000000000000     
         966         968          -1
obdef
loc1d
   0.0000000000000000
kind
           1
 45360         80
   1.0000000000000000     
 OBS          968
   11.525781841412599     
   12.620336416998089     
   0.0000000000000000     
         967         969          -1
obdef
loc1d
   0.3333333300000000
kind
           1
 45360         80
   1.0000000000000000     
 OBS          969
   28.379074269984024     
   28.375474045681525     
   0.0000000000000000     
         968         970          -1
obdef
loc1d
   0.6666666600000000
kind
           1
 45360         80
   1.0000000000000000     
 OBS          970
   13.493803113863814     
   11.309104221663135     
   0.0000000000000000     
         969         971          -1
obdef
loc1d
   0.0000000000000000
kind
           1
 66960         80
   1.0000000000000000     
 OBS          971
   10.323576857356841     
   10.484397320395681     
   0.0000000000000000     
         970         972          -1
obdef
loc1d
   0.3333333300000000
kind
           1
 66960         80
   1.0000000000000000     
 OBS          972
   33.168585605758331     
   31.518581137180913     
   0.0000000000000000     
         971         973          -1
obdef
loc1d
   0.6666666600000000
kind
           1
 66960         80
   1.0000000000000000     
 OBS          973
   9.5292648704879781     
   10.139929474018691     
   0.0000000000000000     
         972         974          -1
obdef
loc1d
   0.0000000000000000
kind
           1
  2160         81
   1.0000000000000000     
 OBS          974
   9.3224885743380153     
   7.2919487980035758     
   0.0000000000000000     
         973         975          -1
obdef
loc1d
   0.3333333300000000
kind
           1
  2160         81
   1.0000000000000000     
 OBS          975
   32.911813435977557     
   32.178123491086474     
   0.0000000000000000     
         974         976          -1
obdef
loc1d
   0.6666666600000000
kind
           1
  2160         81
   1.0000000000000000     
 OBS          976
   8.7668821087751923     
   8.2250489609053297     
   0.0000000000000000     
         975         977          -1
obdef
loc1d
   0.0000000000000000
kind
           1
 23760         81
   1.0000000000000000     
 OBS          977
   4.3649924939987690     
   4.9913168277655062     
   0.0000000000000000     
         976         978          -1
obdef
loc1d
   0.3333333300000000
kind
           1
 23760         81
   1.0000000000000000     
 OBS          978
   29.379143203813815     
   30.484079141600727     
   0.0000000000000000     
         977         979          -1
obdef
loc1d
   0.6666666600000000
kind
           1
 23760         81
   1.0000000000000000     
 OBS          979
   8.2959586526710147     
   6.5134779154700428     
   0.0000000000000000     
         978         980          -1
obdef
loc1d
   0.0000000000000000
kind
           1
 45360         81
   1.0000000000000000     
 OBS          980
   3.0210334582440188     
   4.1847621860478643     
   0.0000000000000000     
         979         981          -1
obdef
loc1d
   0.3333333300000000
kind
           1
 45360         81
   1.0000000000000000     
 OBS          981
   27.614083728989677     
   27.786933851851689     
   0.0000000000000000     
         980         982          -1
obdef
loc1d
   0.6666666600000000
kind
           1
 45360         81
   1.0000000000000000     
 OBS          982
   6.5224546592525128     
   5.5044439123625688     
   0.0000000000000000     
         981         983          -1
obdef
loc1d
   0.0000000000000000
kind
           1
 66960         81
   1.0000000000000000     
 OBS          983
   4.8214194894961260     
   4.4822133129696935     
   0.0000000000000000     
         982         984          -1
obdef
loc1d
   0.3333333300000000
kind
           1
 66960         81
   1.0000000000000000     
 OBS          984
   25.532642666044623     
   25.077576795858967     
   0.0000000000000000     
         983         985          -1
obdef
loc1d
   0.6666666600000000
kind
           1
 66960         81
   1.0000000000000000     
 OBS          985
   3.0167113801230707     
   5.2715761784951685     
   0.0000000000000000     
         984         986          -1
obdef
loc1d
   0.0000000000000000
kind
           1
  2160         82
   1.0000000000000000     
 OBS          986
   5.7333680440327521     
   5.4929687543783947     
   0.0000000000000000     
         985         987          -1
obdef
loc1d
   0.3333333300000000
kind
           1
  2160         82
   1.0000000000000000     
 OBS          987
   20.965462328148632     
   22.828232864074334     
   0.0000000000000000     
         986         988          -1
obdef
loc1d
   0.6666666600000000
kind
           1
  2160         82
   1.0000000000000000     
 OBS          988
   5.4547242629940076     
   5.7447204175224869     
   0.0000000000000000     
         987         989          -1
obdef
loc1d
   0.0000000000000000
kind
           1
 23760         82
   1.0000000000000000     
 OBS          989
   7.2022804123922466     
   7.0817578541954944     
   0.0000000000000000     
         988         990          -1
obdef
loc1d
   0.3333333300000000
kind
           1
 23760         82
   1.0000000000000000     
 OBS          990
   20.327331769555677     
   21.350585448376677     
   0.0000000000000000     
         989         991          -1
obdef
loc1d
   0.6666666600000000
kind
           1
 23760         82
   1.0000000000000000     
 OBS          991
   7.8933985559971118     
   6.8557193330104838     
   0.0000000000000000     
         990         992          -1
obdef
loc1d
   0.0000000000000000
kind
           1
 45360         82
   1.0000000000000000     
 OBS          992
   7.5054411925434641     
   9.1964407208080114     
   0.0000000000000000     
         991         993          -1
obdef
loc1d
   0.3333333300000000
kind
           1
 45360         82
   1.0000000000000000     
 OBS          993
   20.902514535841632     
   21.027868294532244     
   0.0000000000000000     
         992         994          -1
obdef
loc1d
   0.6666666600000000
kind
           1
 45360         82
   1.0000000000000000     
 OBS          994
   9.1716756769751662     
   8.4962715362871091     
   0.0000000000000000     
         993         995          -1
obdef
loc1d
   0.0000000000000000
kind
           1
 66960         82
   1.0000000000000000     
 OBS          995
   11.542609471293055     
   11.529571256434139     
   0.0000000000000000     
         994         996          -1
obdef
loc1d
   0.3333333300000000
kind
           1
 66960         82
   1.0000000000000000     
 OBS          996
   21.871239135107615     
   22.358087348203671     
   0.0000000000000000     
         995         997          -1
obdef
loc1d
   0.6666666600000000
kind
           1
 66960         82
   1.0000000000000000     
 OBS          997
   10.506177412649462     
   10.316140915879735     
   0.0000000000000000     
         996         998          -1
obdef
loc1d
   0.0000000000000000
kind
           1
  2160         83
   1.0000000000000000     
 OBS          998
   14.019983925159391     
   13.111569096031850     
   0.0000000000000000     
         997         999          -1
obdef
loc1d
   0.3333333300000000
kind
           1
  2160         83
   1.0000000000000000     
 OBS          999
   24.045051870068217     
   25.597317644805901     
   0.0000000000000000     
         998        1000          -1
obdef
loc1d
   0.6666666600000000
kind
           1
  2160         83
   1.0000000000000000     
 OBS         1000
   10.910134583553583     
   11.531470485316209     
   0.0000000000000000     
         999        1001          -1
obdef
loc1d
   0.0000000000000000
kind
           1
 23760         83
   1.0000000000000000     
 OBS         1001
   13.341418088993859     
   12.498409111051140     
   0.0000000000000000     
        1000        1002          -1
obdef
loc1d
   0.3333333300000000
kind
           1
 23760         83
   1.0000000000000000     
 OBS         1002
   31.356002976031498     
   29.787720103859272     
   0.0000000000000000     
        1001        1003          -1
obdef
loc1d
   0.6666666600000000
kind
           1
 23760         83
   1.0000000000000000     
 OBS         1003
   10.352864310345058     
   11.283098690005986     
   0.0000000000000000     
        1002        1004          -1
obdef
loc1d
   0.0000000000000000
kind
           1
 45360         83
   1.0000000000000000     
 OBS         1004
   11.401074676992792     
   9.4900750063816872     
   0.0000000000000000     
        1003        1005          -1
obdef
loc1d
   0.3333333300000000
kind
           1
 45360         83
   1.0000000000000000     
 OBS         1005
   32.434723306305763     
   32.495876121953131     
   0.0000000000000000     
        1004        1006          -1
obdef
loc1d
   0.6666666600000000
kind
           1
 45360         83
   1.0000000000000000     
 OBS         1006
   8.6546243836663290     
   9.6004269785550580     
   0.0000000000000000     
        1005        1007          -1
obdef
loc1d
   0.0000000000000000
kind
           1
 66960         83
   1.0000000000000000     
 OBS         1007
   6.6833131626652342     
   6.1165515587213486     
   0.0000000000000000     
        1006        1008          -1
obdef
loc1d
   0.3333333300000000
kind
           1
 66960         83
   1.0000000000000000     
 OBS         1008
   32.495541913020432     
   32.194301161846631     
   0.0000000000000000     
        1007        1009          -1
obdef
loc1d
   0.6666666600000000
kind
           1
 66960         83
   1.0000000000000000     
 OBS         1009
   8.5232679445249193     
   7.4840757784037057     
   0.0000000000000000     
        1008        1010          -1
obdef
loc1d
   0.0000000000000000
kind
           1
  2160         84
   1.0000000000000000     
 OBS         1010
   3.8232900728692165     
   4.1985121816829238     
   0.0000000000000000     
        1009        1011          -1
obdef
loc1d
   0.3333333300000000
kind
           1
  2160         84
   1.0000000000000000     
 OBS         1011
   29.651996272477902     
   29.800283058639128     
   0.0000000000000000     
        1010        1012          -1
obdef
loc1d
   0.6666666600000000
kind
           1
  2160         84
   1.0000000000000000     
 OBS         1012
   6.4195412315097631     
   5.8590009114185406     
   0.0000000000000000     
        1011        1013          -1
obdef
loc1d
   0.0000000000000000
kind
           1
 23760         84
   1.0000000000000000     
 OBS         1013
   2.9927985259775589     
   3.8143143572335578     
   0.0000000000000000     
        1012        1014          -1
obdef
loc1d
   0.3333333300000000
kind
           1
 23760         84
   1.0000000000000000     
 OBS         1014
   27.729029194224147     
   26.817729720220953     
   0.0000000000000000     
        1013        1015          -1
obdef
loc1d
   0.6666666600000000
kind
           1
 23760         84
   1.0000000000000000     
 OBS         1015
   5.2380166278444173     
   5.0544448578135821     
   0.0000000000000000     
        1014        1016          -1
obdef
loc1d
   0.0000000000000000
kind
           1
 45360         84
   1.0000000000000000     
 OBS         1016
   3.5326696186313922     
   4.4000089412487062     
   0.0000000000000000     
        1015        1017          -1
obdef
loc1d
   0.3333333300000000
kind
           1
 45360         84
   1.0000000000000000     
 OBS         1017
   25.322302703314680     
   24.056983260417208     
   0.0000000000000000     
        1016        1018          -1
obdef
loc1d
   0.6666666600000000
kind
           1
 45360         84
   1.0000000000000000     
 OBS         1018
   5.8931860431053025     
   5.0418230332970317     
   0.0000000000000000     
        1017        1019          -1
obdef
loc1d
   0.0000000000000000
kind
           1
 66960         84
   1.0000000000000000     
 OBS         1019
   6.0648723617548175     
   5.6257246884527392     
   0.0000000000000000     
        1018        1020          -1
obdef
loc1d
   0.3333333300000000
kind
           1
 66960         84
   1.0000000000000000     
 OBS         1020
   21.389986497025074     
   21.875759582574204     
   0.0000000000000000     
        1019        1021          -1
obdef
loc1d
   0.6666666600000000
kind
           1
 66960         84
   1.0000000000000000     
 OBS         1021
   7.5963075767338788     
   5.7325055129688547     
   0.0000000000000000     
        1020        1022          -1
obdef
loc1d
   0.0000000000000000
kind
           1
  2160         85
   1.0000000000000000     
 OBS         1022
   6.8066632739229949     
   7.4375781758633766     
   0.0000000000000000     
        1021        1023          -1
obdef
loc1d
   0.3333333300000000
kind
           1
  2160         85
   1.0000000000000000     
 OBS         1023
   19.835337419372113     
   20.572670860477658     
   0.0000000000000000     
        1022        1024          -1
obdef
loc1d
   0.6666666600000000
kind
           1
  2160         85
   1.0000000000000000     
 OBS         1024
   8.3304166116549876     
   7.0715298947312650     
   0.0000000000000000     
        1023        1025          -1
obdef
loc1d
   0.0000000000000000
kind
           1
 23760         85
   1.0000000000000000     
 OBS         1025
   9.5982894524381948     
   9.8023426156225835     
   0.0000000000000000     
        1024        1026          -1
obdef
loc1d
   0.3333333300000000
kind
           1
 23760         85
   1.0000000000000000     
 OBS         1026
   20.428040814263316     
   20.586585374644560     
   0.0000000000000000     
        1025        1027          -1
obdef
loc1d
   0.6666666600000000
kind
           1
 23760         85
   1.0000000000000000     
 OBS         1027
   7.4223857925618599     
   8.9367547831450551     
   0.0000000000000000     
        1026        1028          -1
obdef
loc1d
   0.0000000000000000
kind
           1
 45360         85
   1.0000000000000000     
 OBS         1028
   14.400406575334101     
   12.298535354545672     
   0.0000000000000000     
        1027        1029          -1
obdef
loc1d
   0.3333333300000000
kind
           1
 45360         85
   1.0000000000000000     
 OBS         1029
   23.234002784858717     
   22.492876815142804     
   0.0000000000000000     
        1028        1030          -1
obdef
loc1d
   0.6666666600000000
kind
           1
 45360         85
   1.0000000000000000     
 OBS         1030
   11.770935826073067     
   10.871687377467715     
   0.0000000000000000     
        1029        1031          -1
obdef
loc1d
   0.0000000000000000
kind
           1
 66960         85
   1.0000000000000000     
 OBS         1031
   13.336565825506769     
   13.659852040485696     
   0.0000000000000000     
        1030        1032          -1
obdef
loc1d
   0.3333333300000000
kind
           1
 66960         85
   1.0000000000000000     
 OBS         1032
   27.723919018081070     
   26.457722157815500     
   0.0000000000000000     
        1031        1033          -1
obdef
loc1d
   0.6666666600000000
kind
           1
 66960         85
   1.0000000000000000     
 OBS         1033
   11.460269687373883     
   11.909634940034802     
   0.0000000000000000     
        1032        1034          -1
obdef
loc1d
   0.0000000000000000
kind
           1
  2160         86
   1.0000000000000000     
 OBS         1034
   13.973635042229596     
   12.284973442306299     
   0.0000000000000000     
        1033        1035          -1
obdef
loc1d
   0.3333333300000000
kind
           1
  2160         86
   1.0000000000000000     
 OBS         1035
   30.399149436720133     
   30.998750409657521     
   0.0000000000000000     
        1034        1036          -1
obdef
loc1d
   0.6666666600000000
kind
           1
  2160         86
   1.0000000000000000     
 OBS         1036
   11.960709062563861     
   11.195712509463082     
   0.0000000000000000     
        1035        1037          -1
obdef
loc1d
   0.0000000000000000
kind
           1
 23760         86
   1.0000000000000000     
 OBS         1037
   9.0767996469746581     
   8.5578687601308747     
   0.0000000000000000     
        1036        1038          -1
obdef
loc1d
   0.3333333300000000
kind
           1
 23760         86
   1.0000000000000000     
 OBS         1038
   33.320124098985261     
   33.224620496554877     
   0.0000000000000000     
        1037        1039          -1
obdef
loc1d
   0.6666666600000000
kind
           1
 23760         86
   1.0000000000000000     
 OBS         1039
   9.6650313389383218     
   9.0931273317008525     
   0.0000000000000000     
        1038        1040          -1
obdef
loc1d
   0.0000000000000000
kind
           1
 45360         86
   1.0000000000000000     
 OBS         1040
   5.5239568879950181     
   5.1303714360950803     
   0.0000000000000000     
        1039        1041          -1
obdef
loc1d
   0.3333333300000000
kind
           1
 45360         86
   1.0000000000000000     
 OBS         1041
   32.535513823105710     
   32.110494168039693     
   0.0000000000000000     
        1040        1042          -1
obdef
loc1d
   0.6666666600000000
kind
           1
 45360         86
   1.0000000000000000     
 OBS         1042
   6.8985144813828265     
   6.8395155933289136     
   0.0000000000000000     
        1041        1043          -1
obdef
loc1d
   0.0000000000000000
kind
           1
 66960         86
   1.0000000000000000     
 OBS         1043
   3.9333039593068246     
   3.5454225387416347     
   0.0000000000000000     
        1042        1044          -1
obdef
loc1d
   0.3333333300000000
kind
           1
 66960         86
   1.0000000000000000     
 OBS         1044
   29.519980308209636     
   29.198686286088900     
   0.0000000000000000     
        1043        1045          -1
obdef
loc1d
   0.6666666600000000
kind
           1
 66960         86
   1.0000000000000000     
 OBS         1045
   6.1528523494880867     
   5.2904366034276578     
   0.0000000000000000     
        1044        1046          -1
obdef
loc1d
   0.0000000000000000
kind
           1
  2160         87
   1.0000000000000000     
 OBS         1046
   3.3614291646953562     
   3.4623381586273281     
   0.0000000000000000     
        1045        1047          -1
obdef
loc1d
   0.3333333300000000
kind
           1
  2160         87
   1.0000000000000000     
 OBS         1047
   24.637196925150707     
   26.008255950490664     
   0.0000000000000000     
        1046        1048          -1
obdef
loc1d
   0.6666666600000000
kind
           1
  2160         87
   1.0000000000000000     
 OBS         1048
   4.2221400324056351     
   4.6336287428998464     
   0.0000000000000000     
        1047        1049          -1
obdef
loc1d
   0.0000000000000000
kind
           1
 23760         87
   1.0000000000000000     
 OBS         1049
   3.5342933182450236     
   4.2358254292237119     
   0.0000000000000000     
        1048        1050          -1
obdef
loc1d
   0.3333333300000000
kind
           1
 23760         87
   1.0000000000000000     
 OBS         1050
   22.359133184648062     
   23.188944920714874     
   0.0000000000000000     
        1049        1051          -1
obdef
loc1d
   0.6666666600000000
kind
           1
 23760         87
   1.0000000000000000     
 OBS         1051
   6.0619956589092769     
   4.7724349252331573     
   0.0000000000000000     
        1050        1052          -1
obdef
loc1d
   0.0000000000000000
kind
           1
 45360         87
   1.0000000000000000     
 OBS         1052
   5.3008651551204160     
   5.6047972470016205     
   0.0000000000000000     
        1051        1053          -1
obdef
loc1d
   0.3333333300000000
kind
           1
 45360         87
   1.0000000000000000     
 OBS         1053
   21.483379391991377     
   21.019313331914670     
   0.0000000000000000     
        1052        1054          -1
obdef
loc1d
   0.6666666600000000
kind
           1
 45360         87
   1.0000000000000000     
 OBS         1054
   6.7804876430143732     
   5.6155392989112709     
   0.0000000000000000     
        1053        1055          -1
obdef
loc1d
   0.0000000000000000
kind
           1
 66960         87
   1.0000000000000000     
 OBS         1055
   6.5002338561442849     
   7.5879032572984872     
   0.0000000000000000     
        1054        1056          -1
obdef
loc1d
   0.3333333300000000
kind
           1
 66960         87
   1.0000000000000000     
 OBS         1056
   20.231270722068111     
   19.793416811627583     
   0.0000000000000000     
        1055        1057          -1
obdef
loc1d
   0.6666666600000000
kind
           1
 66960         87
   1.0000000000000000     
 OBS         1057
   5.7814828688825788     
   7.1305968302164171     
   0.0000000000000000     
        1056        1058          -1
obdef
loc1d
   0.0000000000000000
kind
           1
  2160         88
   1.0000000000000000     
 OBS         1058
   10.268411753942777     
   10.184302476006104     
   0.0000000000000000     
        1057        1059          -1
obdef
loc1d
   0.3333333300000000
kind
           1
  2160         88
   1.0000000000000000     
 OBS         1059
   21.431118651937204     
   20.005215940897852     
   0.0000000000000000     
        1058        1060          -1
obdef
loc1d
   0.6666666600000000
kind
           1
  2160         88
   1.0000000000000000     
 OBS         1060
   8.5391062601950907     
   9.2004318867454451     
   0.0000000000000000     
        1059        1061          -1
obdef
loc1d
   0.0000000000000000
kind
           1
 23760         88
   1.0000000000000000     
 OBS         1061
   13.203553650822236     
   12.900459984637665     
   0.0000000000000000     
        1060        1062          -1
obdef
loc1d
   0.3333333300000000
kind
           1
 23760         88
   1.0000000000000000     
 OBS         1062
   22.454692039307826     
   22.331029298164427     
   0.0000000000000000     
        1061        1063          -1
obdef
loc1d
   0.6666666600000000
kind
           1
 23760         88
   1.0000000000000000     
 OBS         1063
   12.049927923244908     
   11.291215893617515     
   0.0000000000000000     
        1062        1064          -1
obdef
loc1d
   0.0000000000000000
kind
           1
 45360         88
   1.0000000000000000     
 OBS         1064
   14.929843081631455     
   14.201977660181399     
   0.0000000000000000     
        1063        1065          -1
obdef
loc1d
   0.3333333300000000
kind
           1
 45360         88
   1.0000000000000000     
 OBS         1065
   28.423964456730673     
   26.929577596331992     
   0.0000000000000000     
        1064        1066          -1
obdef
loc1d
   0.6666666600000000
kind
           1
 45360         88
   1.0000000000000000     
 OBS         1066
   13.021864334596112     
   12.261230343767359     
   0.0000000000000000     
        1065        1067          -1
obdef
loc1d
   0.0000000000000000
kind
           1
 66960         88
   1.0000000000000000     
 OBS         1067
   12.694610188495629     
   12.265411903359617     
   0.0000000000000000     
        1066        1068          -1
obdef
loc1d
   0.3333333300000000
kind
           1
 66960         88
   1.0000000000000000     
 OBS         1068
   32.859685746561880     
   31.893003558470991     
   0.0000000000000000     
        1067        1069          -1
obdef
loc1d
   0.6666666600000000
kind
           1
 66960         88
   1.0000000000000000     
 OBS         1069
   11.761407700172821     
   11.212523139292028     
   0.0000000000000000     
        1068        1070          -1
obdef
loc1d
   0.0000000000000000
kind
           1
  2160         89
   1.0000000000000000     
 OBS         1070
   7.9256097258837590     
   7.9194246890527182     
   0.0000000000000000     
        1069        1071          -1
obdef
loc1d
   0.3333333300000000
kind
           1
  2160         89
   1.0000000000000000     
 OBS         1071
   33.137809735555209     
   33.867194274066946     
   0.0000000000000000     
        1070        1072          -1
obdef
loc1d
   0.6666666600000000
kind
           1
  2160         89
   1.0000000000000000     
 OBS         1072
   8.6366587019162466     
   8.7626094254369384     
   0.0000000000000000     
        1071        1073          -1
obdef
loc1d
   0.0000000000000000
kind
           1
 23760         89
   1.0000000000000000     
 OBS         1073
   4.4848770195406722     
   4.3614273382304907     
   0.0000000000000000     
        1072        1074          -1
obdef
loc1d
   0.3333333300000000
kind
           1
 23760         89
   1.0000000000000000     
 OBS         1074
   32.074783894530604     
   32.185390668860329     
   0.0000000000000000     
        1073        1075          -1
obdef
loc1d
   0.6666666600000000
kind
           1
 23760         89
   1.0000000000000000     
 OBS         1075
   6.8092854244051582     
   6.3497674862652946     
   0.0000000000000000     
        1074        1076          -1
obdef
loc1d
   0.0000000000000000
kind
           1
 45360         89
   1.0000000000000000     
 OBS         1076
   1.6547833668227963     
   2.9458022498651881     
   0.0000000000000000     
        1075        1077          -1
obdef
loc1d
   0.3333333300000000
kind
           1
 45360         89
   1.0000000000000000     
 OBS         1077
   30.231719971561756     
   28.876729423053543     
   0.0000000000000000     
        1076        1078          -1
obdef
loc1d
   0.6666666600000000
kind
           1
 45360         89
   1.0000000000000000     
 OBS         1078
   4.6413347083109109     
   4.7941388092638624     
   0.0000000000000000     
        1077        1079          -1
obdef
loc1d
   0.0000000000000000
kind
           1
 66960         89
   1.0000000000000000     
 OBS         1079
   5.0439997083146677     
   3.0226138831010103     
   0.0000000000000000     
        1078        1080          -1
obdef
loc1d
   0.3333333300000000
kind
           1
 66960         89
   1.0000000000000000     
 OBS         1080
   27.161704666601498     
   25.483369602963403     
   0.0000000000000000     
        1079        1081          -1
obdef
loc1d
   0.6666666600000000
kind
           1
 66960         89
   1.0000000000000000     
 OBS         1081
   4.8458159207965670     
   4.1856778931871155     
   0.0000000000000000     
        1080        1082          -1
obdef
loc1d
   0.0000000000000000
kind
           1
  2160         90
   1.0000000000000000     
 OBS         1082
   4.1133040613147624     
   3.8776303921563282     
   0.0000000000000000     
        1081        1083          -1
obdef
loc1d
   0.3333333300000000
kind
           1
  2160         90
   1.0000000000000000     
 OBS         1083
   23.203056605499100     
   22.546134433372089     
   0.0000000000000000     
        1082        1084          -1
obdef
loc1d
   0.6666666600000000
kind
           1
  2160         90
   1.0000000000000000     
 OBS         1084
   4.1383918284142958     
   4.3763566257557676     
   0.0000000000000000     
        1083        1085          -1
obdef
loc1d
   0.0000000000000000
kind
           1
 23760         90
   1.0000000000000000     
 OBS         1085
   2.4750843876479123     
   5.2915175253846032     
   0.0000000000000000     
        1084        1086          -1
obdef
loc1d
   0.3333333300000000
kind
           1
 23760         90
   1.0000000000000000     
 OBS         1086
   22.439074190605858     
   20.279609060910744     
   0.0000000000000000     
        1085        1087          -1
obdef
loc1d
   0.6666666600000000
kind
           1
 23760         90
   1.0000000000000000     
 OBS         1087
   6.8620225605262508     
   5.2722196462116724     
   0.0000000000000000     
        1086        1088          -1
obdef
loc1d
   0.0000000000000000
kind
           1
 45360         90
   1.0000000000000000     
 OBS         1088
   9.2425425994697736     
   7.3467895904572957     
   0.0000000000000000     
        1087        1089          -1
obdef
loc1d
   0.3333333300000000
kind
           1
 45360         90
   1.0000000000000000     
 OBS         1089
   18.078540445750892     
   18.954614362785193     
   0.0000000000000000     
        1088        1090          -1
obdef
loc1d
   0.6666666600000000
kind
           1
 45360         90
   1.0000000000000000     
 OBS         1090
   6.0049316496083938     
   6.8716244867848655     
   0.0000000000000000     
        1089        1091          -1
obdef
loc1d
   0.0000000000000000
kind
           1
 66960         90
   1.0000000000000000     
 OBS         1091
   7.9074833796980304     
   10.120479030343914     
   0.0000000000000000     
        1090        1092          -1
obdef
loc1d
   0.3333333300000000
kind
           1
 66960         90
   1.0000000000000000     
 OBS         1092
   18.381517788882928     
   19.088345985429253     
   0.0000000000000000     
        1091        1093          -1
obdef
loc1d
   0.6666666600000000
kind
           1
 66960         90
   1.0000000000000000     
 OBS         1093
   9.2472513013468696     
   9.1088465352577028     
   0.0000000000000000     
        1092        1094          -1
obdef
loc1d
   0.0000000000000000
kind
           1
  2160         91
   1.0000000000000000     
 OBS         1094
   12.350404484788319     
   13.181683419266305     
   0.0000000000000000     
        1093        1095          -1
obdef
loc1d
   0.3333333300000000
kind
           1
  2160         91
   1.0000000000000000     
 OBS         1095
   21.071666515731867     
   21.482050489879619     
   0.0000000000000000     
        1094        1096          -1
obdef
loc1d
   0.6666666600000000
kind
           1
  2160         91
   1.0000000000000000     
 OBS         1096
   11.264879864814812     
   11.468756099444221     
   0.0000000000000000     
        1095        1097          -1
obdef
loc1d
   0.0000000000000000
kind
           1
 23760         91
   1.0000000000000000     
 OBS         1097
   17.236090923283406     
   14.863270972447681     
   0.0000000000000000     
        1096        1098          -1
obdef
loc1d
   0.3333333300000000
kind
           1
 23760         91
   1.0000000000000000     
 OBS         1098
   27.671654386777252     
   26.525026454639935     
   0.0000000000000000     
        1097        1099          -1
obdef
loc1d
   0.6666666600000000
kind
           1
 23760         91
   1.0000000000000000     
 OBS         1099
   14.892241245658935     
   12.668519974451016     
   0.0000000000000000     
        1098        1100          -1
obdef
loc1d
   0.0000000000000000
kind
           1
 45360         91
   1.0000000000000000     
 OBS         1100
   13.145746787363001     
   12.866743931321075     
   0.0000000000000000     
        1099        1101          -1
obdef
loc1d
   0.3333333300000000
kind
           1
 45360         91
   1.0000000000000000     
 OBS         1101
   30.715880637404332     
   32.247632906499632     
   0.0000000000000000     
        1100        1102          -1
obdef
loc1d
   0.6666666600000000
kind
           1
 45360         91
   1.0000000000000000     
 OBS         1102
   11.692865227046740     
   11.567754721067148     
   0.0000000000000000     
        1101        1103          -1
obdef
loc1d
   0.0000000000000000
kind
           1
 66960         91
   1.0000000000000000     
 OBS         1103
   8.2280158216585697     
   7.9216554747652772     
   0.0000000000000000     
        1102        1104          -1
obdef
loc1d
   0.3333333300000000
kind
           1
 66960         91
   1.0000000000000000     
 OBS         1104
   35.549807191934896     
   34.619206923508720     
   0.0000000000000000     
        1103        1105          -1
obdef
loc1d
   0.6666666600000000
kind
           1
 66960         91
   1.0000000000000000     
 OBS         1105
   9.8226133701351266     
   8.8232090525165052     
   0.0000000000000000     
        1104        1106          -1
obdef
loc1d
   0.0000000000000000
kind
           1
  2160         92
   1.0000000000000000     
 OBS         1106
   5.2886568912481007     
   3.8795153822987722     
   0.0000000000000000     
        1105        1107          -1
obdef
loc1d
   0.3333333300000000
kind
           1
  2160         92
   1.0000000000000000     
 OBS         1107
   32.055379379421638     
   32.749392232883302     
   0.0000000000000000     
        1106        1108          -1
obdef
loc1d
   0.6666666600000000
kind
           1
  2160         92
   1.0000000000000000     
 OBS         1108
   7.7988091419153580     
   6.1220815185787760     
   0.0000000000000000     
        1107        1109          -1
obdef
loc1d
   0.0000000000000000
kind
           1
 23760         92
   1.0000000000000000     
 OBS         1109
   2.6289455092313574     
   2.3269792319546045     
   0.0000000000000000     
        1108        1110          -1
obdef
loc1d
   0.3333333300000000
kind
           1
 23760         92
   1.0000000000000000     
 OBS         1110
   29.813906218489464     
   29.107998736838656     
   0.0000000000000000     
        1109        1111          -1
obdef
loc1d
   0.6666666600000000
kind
           1
 23760         92
   1.0000000000000000     
 OBS         1111
   3.4369283456416788     
   4.3862649611196778     
   0.0000000000000000     
        1110        1112          -1
obdef
loc1d
   0.0000000000000000
kind
           1
 45360         92
   1.0000000000000000     
 OBS         1112
   1.8341293103801268     
   2.3905942460413843     
   0.0000000000000000     
        1111        1113          -1
obdef
loc1d
   0.3333333300000000
kind
           1
 45360         92
   1.0000000000000000     
 OBS         1113
   25.418449883151904     
   25.449143209184172     
   0.0000000000000000     
        1112        1114          -1
obdef
loc1d
   0.6666666600000000
kind
           1
 45360         92
   1.0000000000000000     
 OBS         1114
   5.1856273670169717     
   3.6687735273966897     
   0.0000000000000000     
        1113        1115          -1
obdef
loc1d
   0.0000000000000000
kind
           1
 66960         92
   1.0000000000000000     
 OBS         1115
   2.0258233387810476     
   3.2040372991301727     
   0.0000000000000000     
        1114        1116          -1
obdef
loc1d
   0.3333333300000000
kind
           1
 66960         92
   1.0000000000000000     
 OBS         1116
   22.517404332831070     
   22.286796510282343     
   0.0000000000000000     
        1115        1117          -1
obdef
loc1d
   0.6666666600000000
kind
           1
 66960         92
   1.0000000000000000     
 OBS         1117
   4.6576794843402425     
   3.7660430684375603     
   0.0000000000000000     
        1116        1118          -1
obdef
loc1d
   0.0000000000000000
kind
           1
  2160         93
   1.0000000000000000     
 OBS         1118
   3.8564825974233718     
   4.5183626983759115     
   0.0000000000000000     
        1117        1119          -1
obdef
loc1d
   0.3333333300000000
kind
           1
  2160         93
   1.0000000000000000     
 OBS         1119
   19.882188202343393     
   19.769427544280106     
   0.0000000000000000     
        1118        1120          -1
obdef
loc1d
   0.6666666600000000
kind
           1
  2160         93
   1.0000000000000000     
 OBS         1120
   3.8278916016334223     
   4.5577530238411974     
   0.0000000000000000     
        1119        1121          -1
obdef
loc1d
   0.0000000000000000
kind
           1
 23760         93
   1.0000000000000000     
 OBS         1121
   5.3190937099684064     
   6.4532255276606287     
   0.0000000000000000     
        1120        1122          -1
obdef
loc1d
   0.3333333300000000
kind
           1
 23760         93
   1.0000000000000000     
 OBS         1122
   18.029463622322062     
   18.096563244481032     
   0.0000000000000000     
        1121        1123          -1
obdef
loc1d
   0.6666666600000000
kind
           1
 23760         93
   1.0000000000000000     
 OBS         1123
   5.6480573239260714     
   6.0642052529203907     
   0.0000000000000000     
        1122        1124          -1
obdef
loc1d
   0.0000000000000000
kind
           1
 45360         93
   1.0000000000000000     
 OBS         1124
   9.2517099901601760     
   9.2125403526861529     
   0.0000000000000000     
        1123        1125          -1
obdef
loc1d
   0.3333333300000000
kind
           1
 45360         93
   1.0000000000000000     
 OBS         1125
   17.279881281325846     
   17.716977741821832     
   0.0000000000000000     
        1124        1126          -1
obdef
loc1d
   0.6666666600000000
kind
           1
 45360         93
   1.0000000000000000     
 OBS         1126
   6.3706354068512088     
   8.3284859232180573     
   0.0000000000000000     
        1125        1127          -1
obdef
loc1d
   0.0000000000000000
kind
           1
 66960         93
   1.0000000000000000     
 OBS         1127
   11.710036940548441     
   12.660675355729582     
   0.0000000000000000     
        1126        1128          -1
obdef
loc1d
   0.3333333300000000
kind
           1
 66960         93
   1.0000000000000000     
 OBS         1128
   21.285663593327136     
   19.487609317282207     
   0.0000000000000000     
        1127        1129          -1
obdef
loc1d
   0.6666666600000000
kind
           1
 66960         93
   1.0000000000000000     
 OBS         1129
   8.9530838804477035     
   11.051450993737795     
   0.0000000000000000     
        1128        1130          -1
obdef
loc1d
   0.0000000000000000
kind
           1
  2160         94
   1.0000000000000000     
 OBS         1130
   15.668782808298925     
   15.440255284829938     
   0.0000000000000000     
        1129        1131          -1
obdef
loc1d
   0.3333333300000000
kind
           1
  2160         94
   1.0000000000000000     
 OBS         1131
   23.838324003439979     
   24.332462029970511     
   0.0000000000000000     
        1130        1132          -1
obdef
loc1d
   0.6666666600000000
kind
           1
  2160         94
   1.0000000000000000     
 OBS         1132
   11.786189456547584     
   13.023427364516124     
   0.0000000000000000     
        1131        1133          -1
obdef
loc1d
   0.0000000000000000
kind
           1
 23760         94
   1.0000000000000000     
 OBS         1133
   13.378384886804364     
   14.622597251682418     
   0.0000000000000000     
        1132        1134          -1
obdef
loc1d
   0.3333333300000000
kind
           1
 23760         94
   1.0000000000000000     
 OBS         1134
   31.061912211353512     
   31.195285417357439     
   0.0000000000000000     
        1133        1135          -1
obdef
loc1d
   0.6666666600000000
kind
           1
 23760         94
   1.0000000000000000     
 OBS         1135
   12.234557775224827     
   12.552819603378181     
   0.0000000000000000     
        1134        1136          -1
obdef
loc1d
   0.0000000000000000
kind
           1
 45360         94
   1.0000000000000000     
 OBS         1136
   9.7008375114867036     
   9.3931633136727921     
   0.0000000000000000     
        1135        1137          -1
obdef
loc1d
   0.3333333300000000
kind
           1
 45360         94
   1.0000000000000000     
 OBS         1137
   35.665284327509234     
   35.404855159327070     
   0.0000000000000000     
        1136        1138          -1
obdef
loc1d
   0.6666666600000000
kind
           1
 45360         94
   1.0000000000000000     
 OBS         1138
   9.5500048252723939     
   9.7148585751012888     
   0.0000000000000000     
        1137        1139          -1
obdef
loc1d
   0.0000000000000000
kind
           1
 66960         94
   1.0000000000000000     
 OBS         1139
   3.3894583987315814     
   4.0896687250178072     
   0.0000000000000000     
        1138        1140          -1
obdef
loc1d
   0.3333333300000000
kind
           1
 66960         94
   1.0000000000000000     
 OBS         1140
   34.845569030910085     
   34.266438638697664     
   0.0000000000000000     
        1139        1141          -1
obdef
loc1d
   0.6666666600000000
kind
           1
 66960         94
   1.0000000000000000     
 OBS         1141
   6.1693002725765931     
   6.4777705386518392     
   0.0000000000000000     
        1140        1142          -1
obdef
loc1d
   0.0000000000000000
kind
           1
  2160         95
   1.0000000000000000     
 OBS         1142
   2.3964642396235836     
   1.7255959696868477     
   0.0000000000000000     
        1141        1143          -1
obdef
loc1d
   0.3333333300000000
kind
           1
  2160         95
   1.0000000000000000     
 OBS         1143
   30.022168929082156     
   30.400156481797090     
   0.0000000000000000     
        1142        1144          -1
obdef
loc1d
   0.6666666600000000
kind
           1
  2160         95
   1.0000000000000000     
 OBS         1144
   4.5119325867837796     
   4.2229090034324450     
   0.0000000000000000     
        1143        1145          -1
obdef
loc1d
   0.0000000000000000
kind
           1
 23760         95
   1.0000000000000000     
 OBS         1145
  0.98802944324046960     
   1.4821735536173761     
   0.0000000000000000     
        1144        1146          -1
obdef
loc1d
   0.3333333300000000
kind
           1
 23760         95
   1.0000000000000000     
 OBS         1146
   24.209122732701505     
   26.336356951964170     
   0.0000000000000000     
        1145        1147          -1
obdef
loc1d
   0.6666666600000000
kind
           1
 23760         95
   1.0000000000000000     
 OBS         1147
   4.0929351981781918     
   3.1236114507157513     
   0.0000000000000000     
        1146        1148          -1
obdef
loc1d
   0.0000000000000000
kind
           1
 45360         95
   1.0000000000000000     
 OBS         1148
   2.6632198047504092     
   2.1065527018483583     
   0.0000000000000000     
        1147        1149          -1
obdef
loc1d
   0.3333333300000000
kind
           1
 45360         95
   1.0000000000000000     
 OBS         1149
   23.143026582553020     
   22.787232910936705     
   0.0000000000000000     
        1148        1150          -1
obdef
loc1d
   0.6666666600000000
kind
           1
 45360         95
   1.0000000000000000     
 OBS         1150
   3.9822766324873591     
   2.9078202701847067     
   0.0000000000000000     
        1149        1151          -1
obdef
loc1d
   0.0000000000000000
kind
           1
 66960         95
   1.0000000000000000     
 OBS         1151
   3.4951022888926726     
   3.1406154459532831     
   0.0000000000000000     
        1150        1152          -1
obdef
loc1d
   0.3333333300000000
kind
           1
 66960         95
   1.0000000000000000     
 OBS         1152
   21.338765934295871     
   19.842907458068140     
   0.0000000000000000     
        1151        1153          -1
obdef
loc1d
   0.6666666600000000
kind
           1
 66960         95
   1.0000000000000000     
 OBS         1153
   3.4920172493645159     
   3.3640100266221653     
   0.0000000000000000     
        1152        1154          -1
obdef
loc1d
   0.0000000000000000
kind
           1
  2160         96
   1.0000000000000000     
 OBS         1154
   4.9795572595084323     
   4.6452993870568005     
   0.0000000000000000     
        1153        1155          -1
obdef
loc1d
   0.3333333300000000
kind
           1
  2160         96
   1.0000000000000000     
 OBS         1155
   17.464503768506535     
   17.573776143424151     
   0.0000000000000000     
        1154        1156          -1
obdef
loc1d
   0.6666666600000000
kind
           1
  2160         96
   1.0000000000000000     
 OBS         1156
   6.5069815895552976     
   4.4670113123268340     
   0.0000000000000000     
        1155        1157          -1
obdef
loc1d
   0.0000000000000000
kind
           1
 23760         96
   1.0000000000000000     
 OBS         1157
   8.2802018360939229     
   6.9028658632610318     
   0.0000000000000000     
        1156        1158          -1
obdef
loc1d
   0.3333333300000000
kind
           1
 23760         96
   1.0000000000000000     
 OBS         1158
   16.577295357630781     
   16.216179244784978     
   0.0000000000000000     
        1157        1159          -1
obdef
loc1d
   0.6666666600000000
kind
           1
 23760         96
   1.0000000000000000     
 OBS         1159
   5.7171988850218929     
   6.3410699335623271     
   0.0000000000000000     
        1158        1160          -1
obdef
loc1d
   0.0000000000000000
kind
           1
 45360         96
   1.0000000000000000     
 OBS         1160
   10.425798764322321     
   10.193194271696948     
   0.0000000000000000     
        1159        1161          -1
obdef
loc1d
   0.3333333300000000
kind
           1
 45360         96
   1.0000000000000000     
 OBS         1161
   16.438534313768017     
   16.372216964135326     
   0.0000000000000000     
        1160        1162          -1
obdef
loc1d
   0.6666666600000000
kind
           1
 45360         96
   1.0000000000000000     
 OBS         1162
   7.3350079136066695     
   9.0774326048202756     
   0.0000000000000000     
        1161        1163          -1
obdef
loc1d
   0.0000000000000000
kind
           1
 66960         96
   1.0000000000000000     
 OBS         1163
   15.202610637361907     
   14.234873767574246     
   0.0000000000000000     
        1162        1164          -1
obdef
loc1d
   0.3333333300000000
kind
           1
 66960         96
   1.0000000000000000     
 OBS         1164
   19.111426721596921     
   19.222829506503359     
   0.0000000000000000     
        1163        1165          -1
obdef
loc1d
   0.6666666600000000
kind
           1
 66960         96
   1.0000000000000000     
 OBS         1165
   12.728086949053173     
   12.192726830399275     
   0.0000000000000000     
        1164        1166          -1
obdef
loc1d
   0.0000000000000000
kind
           1
  2160         97
   1.0000000000000000     
 OBS         1166
   17.365292239018618     
   16.874149760230509     
   0.0000000000000000     
        1165        1167          -1
obdef
loc1d
   0.3333333300000000
kind
           1
  2160         97
   1.0000000000000000     
 OBS         1167
   25.012701415733382     
   25.847553132247743     
   0.0000000000000000     
        1166        1168          -1
obdef
loc1d
   0.6666666600000000
kind
           1
  2160         97
   1.0000000000000000     
 OBS         1168
   11.101372022955619     
   13.901560766904192     
   0.0000000000000000     
        1167        1169          -1
obdef
loc1d
   0.0000000000000000
kind
           1
 23760         97
   1.0000000000000000     
 OBS         1169
   14.206441050543924     
   14.230052144578831     
   0.0000000000000000     
        1168        1170          -1
obdef
loc1d
   0.3333333300000000
kind
           1
 23760         97
   1.0000000000000000     
 OBS         1170
   32.263536986001142     
   33.871528977386149     
   0.0000000000000000     
        1169        1171          -1
obdef
loc1d
   0.6666666600000000
kind
           1
 23760         97
   1.0000000000000000     
 OBS         1171
   13.361206134326194     
   12.335041670037636     
   0.0000000000000000     
        1170        1172          -1
obdef
loc1d
   0.0000000000000000
kind
           1
 45360         97
   1.0000000000000000     
 OBS         1172
   8.1514199300656873     
   7.1569849477334984     
   0.0000000000000000     
        1171        1173          -1
obdef
loc1d
   0.3333333300000000
kind
           1
 45360         97
   1.0000000000000000     
 OBS         1173
   35.742958180382281     
   36.869398749385269     
   0.0000000000000000     
        1172        1174          -1
obdef
loc1d
   0.6666666600000000
kind
           1
 45360         97
   1.0000000000000000     
 OBS         1174
   9.7922510255472499     
   8.5518077351622246     
   0.0000000000000000     
        1173        1175          -1
obdef
loc1d
   0.0000000000000000
kind
           1
 66960         97
   1.0000000000000000     
 OBS         1175
   1.8683927225029953     
   1.9650868380366822     
   0.0000000000000000     
        1174        1176          -1
obdef
loc1d
   0.3333333300000000
kind
           1
 66960         97
   1.0000000000000000     
 OBS         1176
   34.520983676975774     
   33.916699599509755     
   0.0000000000000000     
        1175        1177          -1
obdef
loc1d
   0.6666666600000000
kind
           1
 66960         97
   1.0000000000000000     
 OBS         1177
   4.8130186061462945     
   5.0798677521588669     
   0.0000000000000000     
        1176        1178          -1
obdef
loc1d
   0.0000000000000000
kind
           1
  2160         98
   1.0000000000000000     
 OBS         1178
  0.37915191381506086     
  0.37307379612266589     
   0.0000000000000000     
        1177        1179          -1
obdef
loc1d
   0.3333333300000000
kind
           1
  2160         98
   1.0000000000000000     
 OBS         1179
   29.733207547584826     
   29.263537841530209     
   0.0000000000000000     
        1178        1180          -1
obdef
loc1d
   0.6666666600000000
kind
           1
  2160         98
   1.0000000000000000     
 OBS         1180
   3.7978304751484036     
   2.9607503930243158     
   0.0000000000000000     
        1179        1181          -1
obdef
loc1d
   0.0000000000000000
kind
           1
 23760         98
   1.0000000000000000     
 OBS         1181
 -0.89921127930700795     
  0.51838563303386209     
   0.0000000000000000     
        1180        1182          -1
obdef
loc1d
   0.3333333300000000
kind
           1
 23760         98
   1.0000000000000000     
 OBS         1182
   26.000169013556754     
   25.015009885713201     
   0.0000000000000000     
        1181        1183          -1
obdef
loc1d
   0.6666666600000000
kind
           1
 23760         98
   1.0000000000000000     
 OBS         1183
   2.4086682378216091     
   2.0086947695701718     
   0.0000000000000000     
        1182        1184          -1
obdef
loc1d
   0.0000000000000000
kind
           1
 45360         98
   1.0000000000000000     
 OBS         1184
  -4.9244091860441763E-002
   1.1481183764681522     
   0.0000000000000000     
        1183        1185          -1
obdef
loc1d
   0.3333333300000000
kind
           1
 45360         98
   1.0000000000000000     
 OBS         1185
   19.910540094092337     
   21.422899152415489     
   0.0000000000000000     
        1184        1186          -1
obdef
loc1d
   0.6666666600000000
kind
           1
 45360         98
   1.0000000000000000     
 OBS         1186
  0.57427104189763667     
   1.8151230748545895     
   0.0000000000000000     
        1185        1187          -1
obdef
loc1d
   0.0000000000000000
kind
           1
 66960         98
   1.0000000000000000     
 OBS         1187
  0.98442241190607849     
   1.9597321452616447     
   0.0000000000000000     
        1186        1188          -1
obdef
loc1d
   0.3333333300000000
kind
           1
 66960         98
   1.0000000000000000     
 OBS         1188
   18.682504854617996     
   18.414319436854356     
   0.0000000000000000     
        1187        1189          -1
obdef
loc1d
   0.6666666600000000
kind
           1
 66960         98
   1.0000000000000000     
 OBS         1189
   2.9404263161088027     
   2.1413423640970519     
   0.0000000000000000     
        1188        1190          -1
obdef
loc1d
   0.0000000000000000
kind
           1
  2160         99
   1.0000000000000000     
 OBS         1190
   1.8916076932961392     
   3.0773135514951657     
   0.0000000000000000     
        1189        1191          -1
obdef
loc1d
   0.3333333300000000
kind
           1
  2160         99
   1.0000000000000000     
 OBS         1191
   16.019048106435772     
   15.962397528558483     
   0.0000000000000000     
        1190        1192          -1
obdef
loc1d
   0.6666666600000000
kind
           1
  2160         99
   1.0000000000000000     
 OBS         1192
   2.2205412457681009     
   2.9617224592015656     
   0.0000000000000000     
        1191        1193          -1
obdef
loc1d
   0.0000000000000000
kind
           1
 23760         99
   1.0000000000000000     
 OBS         1193
   6.1095321721688665     
   4.8070408705713685     
   0.0000000000000000     
        1192        1194          -1
obdef
loc1d
   0.3333333300000000
kind
           1
 23760         99
   1.0000000000000000     
 OBS         1194
   13.314090709023448     
   14.152645935020709     
   0.0000000000000000     
        1193        1195          -1
obdef
loc1d
   0.6666666600000000
kind
           1
 23760         99
   1.0000000000000000     
 OBS         1195
   4.1296199300155960     
   4.4327438150313476     
   0.0000000000000000     
        1194        1196          -1
obdef
loc1d
   0.0000000000000000
kind
           1
 45360         99
   1.0000000000000000     
 OBS         1196
   8.1082307900249582     
   7.5791150944048171     
   0.0000000000000000     
        1195        1197          -1
obdef
loc1d
   0.3333333300000000
kind
           1
 45360         99
   1.0000000000000000     
 OBS         1197
   12.887287851540069     
   13.318272750827433     
   0.0000000000000000     
        1196        1198          -1
obdef
loc1d
   0.6666666600000000
kind
           1
 45360         99
   1.0000000000000000     
 OBS         1198
   6.7264561362402358     
   6.8377753392637270     
   0.0000000000000000     
        1197        1199          -1
obdef
loc1d
   0.0000000000000000
kind
           1
 66960         99
   1.0000000000000000     
 OBS         1199
   10.831680175281496     
   11.776118280855943     
   0.0000000000000000     
        1198        1200          -1
obdef
loc1d
   0.3333333300000000
kind
           1
 66960         99
   1.0000000000000000     
 OBS         1200
   14.675486585925306     
   14.367590038454029     
   0.0000000000000000     
        1199        1201          -1
obdef
loc1d
   0.6666666600000000
kind
           1
 66960         99
   1.0000000000000000     
 OBS         1201
   9.5819482522468160     
   10.323075438496311     
   0.0000000000000000     
        1200        1202          -1
obdef
loc1d
   0.0000000000000000
kind
           1
  2160        100
   1.0000000000000000     
 OBS         1202
   16.814600222512720     
   16.780836053438957     
   0.0000000000000000     
        1201        1203          -1
obdef
loc1d
   0.3333333300000000
kind
           1
  2160        100
   1.0000000000000000     
 OBS         1203
   18.092201497872932     
   19.141575224785878     
   0.0000000000000000     
        1202        1204          -1
obdef
loc1d
   0.6666666600000000
kind
           1
  2160        100
   1.0000000000000000     
 OBS         1204
   14.578634964969361     
   13.963615075099417     
   0.0000000000000000     
        1203        1205          -1
obdef
loc1d
   0.0000000000000000
kind
           1
 23760        100
   1.0000000000000000     
 OBS         1205
   17.676796118328379     
   18.696777912834627     
   0.0000000000000000     
        1204        1206          -1
obdef
loc1d
   0.3333333300000000
kind
           1
 23760        100
   1.0000000000000000     
 OBS         1206
   27.902468897255787     
   28.825700166798537     
   0.0000000000000000     
        1205        1207          -1
obdef
loc1d
   0.6666666600000000
kind
           1
 23760        100
   1.0000000000000000     
 OBS         1207
   14.925016685518379     
   14.859885426581734     
   0.0000000000000000     
        1206        1208          -1
obdef
loc1d
   0.0000000000000000
kind
           1
 45360        100
   1.0000000000000000     
 OBS         1208
   13.831679652018547     
   12.459543819069877     
   0.0000000000000000     
        1207        1209          -1
obdef
loc1d
   0.3333333300000000
kind
           1
 45360        100
   1.0000000000000000     
 OBS         1209
   37.660628536923404     
   37.839592925563387     
   0.0000000000000000     
        1208        1210          -1
obdef
loc1d
   0.6666666600000000
kind
           1
 45360        100
   1.0000000000000000     
 OBS         1210
   11.346368911853469     
   11.401869467943413     
   0.0000000000000000     
        1209        1211          -1
obdef
loc1d
   0.0000000000000000
kind
           1
 66960        100
   1.0000000000000000     
 OBS         1211
   3.9068641932572343     
   3.3547331572850632     
   0.0000000000000000     
        1210        1212          -1
obdef
loc1d
   0.3333333300000000
kind
           1
 66960        100
   1.0000000000000000     
 OBS         1212
   35.762123220520067     
   38.002652285149189     
   0.0000000000000000     
        1211        1213          -1
obdef
loc1d
   0.6666666600000000
kind
           1
 66960        100
   1.0000000000000000     
 OBS         1213
   7.0088742433606246     
   6.5131801853975020     
   0.0000000000000000     
        1212        1214          -1
obdef
loc1d
   0.0000000000000000
kind
           1
  2160        101
   1.0000000000000000     
 OBS         1214
 -0.50009583129633461     
 -0.87952254867871482     
   0.0000000000000000     
        1213        1215          -1
obdef
loc1d
   0.3333333300000000
kind
           1
  2160        101
   1.0000000000000000     
 OBS         1215
   33.182315433204423     
   32.834528820742200     
   0.0000000000000000     
        1214        1216          -1
obdef
loc1d
   0.6666666600000000
kind
           1
  2160        101
   1.0000000000000000     
 OBS         1216
   3.1100716554266152     
   2.9544186779582802     
   0.0000000000000000     
        1215        1217          -1
obdef
loc1d
   0.0000000000000000
kind
           1
 23760        101
   1.0000000000000000     
 OBS         1217
 -0.48541838469427656     
  -1.4887953374779570     
   0.0000000000000000     
        1216        1218          -1
obdef
loc1d
   0.3333333300000000
kind
           1
 23760        101
   1.0000000000000000     
 OBS         1218
   28.537191378544161     
   27.648043095603612     
   0.0000000000000000     
        1217        1219          -1
obdef
loc1d
   0.6666666600000000
kind
           1
 23760        101
   1.0000000000000000     
 OBS         1219
  -1.0793067534867544     
   1.0260816565900870     
   0.0000000000000000     
        1218        1220          -1
obdef
loc1d
   0.0000000000000000
kind
           1
 45360        101
   1.0000000000000000     
 OBS         1220
 -0.43807559619288328     
  -1.1658980645311425     
   0.0000000000000000     
        1219        1221          -1
obdef
loc1d
   0.3333333300000000
kind
           1
 45360        101
   1.0000000000000000     
 OBS         1221
   23.292944818151646     
   23.420614338313115     
   0.0000000000000000     
        1220        1222          -1
obdef
loc1d
   0.6666666600000000
kind
           1
 45360        101
   1.0000000000000000     
 OBS         1222
 -0.33617927755759164     
  0.10767569147709881     
   0.0000000000000000     
        1221        1223          -1
obdef
loc1d
   0.0000000000000000
kind
           1
 66960        101
   1.0000000000000000     
 OBS         1223
  -1.9077529372795641     
 -0.92759344335362137     
   0.0000000000000000     
        1222        1224          -1
obdef
loc1d
   0.3333333300000000
kind
           1
 66960        101
   1.0000000000000000     
 OBS         1224
   21.127355272197956     
   19.929112276651264     
   0.0000000000000000     
        1223        1225          -1
obdef
loc1d
   0.6666666600000000
kind
           1
 66960        101
   1.0000000000000000     
 OBS         1225
 -0.84288672244861462     
 -0.35657967372228738     
   0.0000000000000000     
        1224        1226          -1
obdef
loc1d
   0.0000000000000000
kind
           1
  2160        102
   1.0000000000000000     
 OBS         1226
 -0.31189480154361426     
 -0.96396384615808894     
   0.0000000000000000     
        1225        1227          -1
obdef
loc1d
   0.3333333300000000
kind
           1
  2160        102
   1.0000000000000000     
 OBS         1227
   19.158496920181925     
   16.990702593211520     
   0.0000000000000000     
        1226        1228          -1
obdef
loc1d
   0.6666666600000000
kind
           1
  2160        102
   1.0000000000000000     
 OBS         1228
  -1.8408220845143906     
 -0.69977398154870585     
   0.0000000000000000     
        1227        1229          -1
obdef
loc1d
   0.0000000000000000
kind
           1
 23760        102
   1.0000000000000000     
 OBS         1229
  -2.0459236701469079     
  -1.2922834427421441     
   0.0000000000000000     
        1228        1230          -1
obdef
loc1d
   0.3333333300000000
kind
           1
 23760        102
   1.0000000000000000     
 OBS         1230
   15.785272668465314     
   14.512054108726970     
   0.0000000000000000     
        1229        1231          -1
obdef
loc1d
   0.6666666600000000
kind
           1
 23760        102
   1.0000000000000000     
 OBS         1231
  0.33119903323295086     
  -1.1216844313936125     
   0.0000000000000000     
        1230        1232          -1
obdef
loc1d
   0.0000000000000000
kind
           1
 45360        102
   1.0000000000000000     
 OBS         1232
  -1.4569370238460571     
  -1.9838988959077772     
   0.0000000000000000     
        1231        1233          -1
obdef
loc1d
   0.3333333300000000
kind
           1
 45360        102
   1.0000000000000000     
 OBS         1233
   13.461164004882438     
   12.448535420131615     
   0.0000000000000000     
        1232        1234          -1
obdef
loc1d
   0.6666666600000000
kind
           1
 45360        102
   1.0000000000000000     
 OBS         1234
  -1.7422175777236659     
  -1.7948107515993081     
   0.0000000000000000     
        1233        1235          -1
obdef
loc1d
   0.0000000000000000
kind
           1
 66960        102
   1.0000000000000000     
 OBS         1235
  -2.2221696783636800     
  -3.2422572147455373     
   0.0000000000000000     
        1234        1236          -1
obdef
loc1d
   0.3333333300000000
kind
           1
 66960        102
   1.0000000000000000     
 OBS         1236
   10.250714611854633     
   10.816768887466816     
   0.0000000000000000     
        1235        1237          -1
obdef
loc1d
   0.6666666600000000
kind
           1
 66960        102
   1.0000000000000000     
 OBS         1237
  -3.9250985221282502     
  -2.9512561300505955     
   0.0000000000000000     
        1236        1238          -1
obdef
loc1d
   0.0000000000000000
kind
           1
  2160        103
   1.0000000000000000     
 OBS         1238
  -3.6294576515496946     
  -5.4642753520978138     
   0.0000000000000000     
        1237        1239          -1
obdef
loc1d
   0.3333333300000000
kind
           1
  2160        103
   1.0000000000000000     
 OBS         1239
   11.941443389233182     
   9.7832019510410539     
   0.0000000000000000     
        1238        1240          -1
obdef
loc1d
   0.6666666600000000
kind
           1
  2160        103
   1.0000000000000000     
 OBS         1240
  -5.4625299639039566     
  -4.9540920179047720     
   0.0000000000000000     
        1239        1241          -1
obdef
loc1d
   0.0000000000000000
kind
           1
 23760        103
   1.0000000000000000     
 OBS         1241
  -9.2323619097671337     
  -9.2657808937835799     
   0.0000000000000000     
        1240        1242          -1
obdef
loc1d
   0.3333333300000000
kind
           1
 23760        103
   1.0000000000000000     
 OBS         1242
   9.0591829335942666     
   9.9357262775161477     
   0.0000000000000000     
        1241        1243          -1
obdef
loc1d
   0.6666666600000000
kind
           1
 23760        103
   1.0000000000000000     
 OBS         1243
  -8.0490539556853467     
  -8.2723878491600278     
   0.0000000000000000     
        1242        1244          -1
obdef
loc1d
   0.0000000000000000
kind
           1
 45360        103
   1.0000000000000000     
 OBS         1244
  -14.318717340299612     
  -15.078099198359444     
   0.0000000000000000     
        1243        1245          -1
obdef
loc1d
   0.3333333300000000
kind
           1
 45360        103
   1.0000000000000000     
 OBS         1245
   12.383658061562413     
   12.936941102708802     
   0.0000000000000000     
        1244        1246          -1
obdef
loc1d
   0.6666666600000000
kind
           1
 45360        103
   1.0000000000000000     
 OBS         1246
  -12.131808618935073     
  -12.897070854450392     
   0.0000000000000000     
        1245        1247          -1
obdef
loc1d
   0.0000000000000000
kind
           1
 66960        103
   1.0000000000000000     
 OBS         1247
  -20.548684928939615     
  -20.854056976700051     
   0.0000000000000000     
        1246        1248          -1
obdef
loc1d
   0.3333333300000000
kind
           1
 66960        103
   1.0000000000000000     
 OBS         1248
   21.723604598401820     
   21.898921097801828     
   0.0000000000000000     
        1247        1249          -1
obdef
loc1d
   0.6666666600000000
kind
           1
 66960        103
   1.0000000000000000     
 OBS         1249
  -17.150013900145446     
  -16.413631347839271     
   0.0000000000000000     
        1248        1250          -1
obdef
loc1d
   0.0000000000000000
kind
           1
  2160        104
   1.0000000000000000     
 OBS         1250
  -19.235734775852404     
  -18.528140421302517     
   0.0000000000000000     
        1249        1251          -1
obdef
loc1d
   0.3333333300000000
kind
           1
  2160        104
   1.0000000000000000     
 OBS         1251
   34.712136090491569     
   35.929622925229651     
   0.0000000000000000     
        1250        1252          -1
obdef
loc1d
   0.6666666600000000
kind
           1
  2160        104
   1.0000000000000000     
 OBS         1252
  -14.506553315134154     
  -14.423035054384670     
   0.0000000000000000     
        1251        1253          -1
obdef
loc1d
   0.0000000000000000
kind
           1
 23760        104
   1.0000000000000000     
 OBS         1253
  -7.4898171896288455     
  -6.1834552930163973     
   0.0000000000000000     
        1252        1254          -1
obdef
loc1d
   0.3333333300000000
kind
           1
 23760        104
   1.0000000000000000     
 OBS         1254
   41.506239674936957     
   41.793803834870516     
   0.0000000000000000     
        1253        1255          -1
obdef
loc1d
   0.6666666600000000
kind
           1
 23760        104
   1.0000000000000000     
 OBS         1255
  -7.3039863133803475     
  -8.3080140565323735     
   0.0000000000000000     
        1254        1256          -1
obdef
loc1d
   0.0000000000000000
kind
           1
 45360        104
   1.0000000000000000     
 OBS         1256
   2.6114775652152984     
   2.1168739268787000     
   0.0000000000000000     
        1255        1257          -1
obdef
loc1d
   0.3333333300000000
kind
           1
 45360        104
   1.0000000000000000     
 OBS         1257
   35.857414600829408     
   36.604386079424422     
   0.0000000000000000     
        1256        1258          -1
obdef
loc1d
   0.6666666600000000
kind
           1
 45360        104
   1.0000000000000000     
 OBS         1258
  -1.5424307253750760     
  -3.0295763302889487     
   0.0000000000000000     
        1257        1259          -1
obdef
loc1d
   0.0000000000000000
kind
           1
 66960        104
   1.0000000000000000     
 OBS         1259
   3.8039189424475848     
   3.8347906400657297     
   0.0000000000000000     
        1258        1260          -1
obdef
loc1d
   0.3333333300000000
kind
           1
 66960        104
   1.0000000000000000     
 OBS         1260
   29.144676628453478     
   30.233623021427164     
   0.0000000000000000     
        1259        1261          -1
obdef
loc1d
   0.6666666600000000
kind
           1
 66960        104
   1.0000000000000000     
 OBS         1261
 -0.51132301920505019     
   3.3770578363199688E-002
   0.0000000000000000     
        1260        1262          -1
obdef
loc1d
   0.0000000000000000
kind
           1
  2160        105
   1.0000000000000000     
 OBS         1262
   1.9705096541306186     
   3.6635952817734618     
   0.0000000000000000     
        1261        1263          -1
obdef
loc1d
   0.3333333300000000
kind
           1
  2160        105
   1.0000000000000000     
 OBS         1263
   25.461777969806736     
   25.492284629971579     
   0.0000000000000000     
        1262        1264          -1
obdef
loc1d
   0.6666666600000000
kind
           1
  2160        105
   1.0000000000000000     
 OBS         1264
   1.7565677955115435     
   1.6591602520987905     
   0.0000000000000000     
        1263        1265          -1
obdef
loc1d
   0.0000000000000000
kind
           1
 23760        105
   1.0000000000000000     
 OBS         1265
   4.6461075287172386     
   3.7199282827297049     
   0.0000000000000000     
        1264        1266          -1
obdef
loc1d
   0.3333333300000000
kind
           1
 23760        105
   1.0000000000000000     
 OBS         1266
   20.903921539610501     
   21.915877778378270     
   0.0000000000000000     
        1265        1267          -1
obdef
loc1d
   0.6666666600000000
kind
           1
 23760        105
   1.0000000000000000     
 OBS         1267
   1.9687010077377538     
   2.7490782772041875     
   0.0000000000000000     
        1266        1268          -1
obdef
loc1d
   0.0000000000000000
kind
           1
 45360        105
   1.0000000000000000     
 OBS         1268
   4.4989499558664434     
   4.4955159294522096     
   0.0000000000000000     
        1267        1269          -1
obdef
loc1d
   0.3333333300000000
kind
           1
 45360        105
   1.0000000000000000     
 OBS         1269
   17.431077077505790     
   19.181629954361370     
   0.0000000000000000     
        1268        1270          -1
obdef
loc1d
   0.6666666600000000
kind
           1
 45360        105
   1.0000000000000000     
 OBS         1270
   5.4702712396937088     
   3.9083369068583447     
   0.0000000000000000     
        1269        1271          -1
obdef
loc1d
   0.0000000000000000
kind
           1
 66960        105
   1.0000000000000000     
 OBS         1271
   5.7558808240176980     
   6.1418155223172324     
   0.0000000000000000     
        1270        1272          -1
obdef
loc1d
   0.3333333300000000
kind
           1
 66960        105
   1.0000000000000000     
 OBS         1272
   16.339212078839115     
   17.322660330843355     
   0.0000000000000000     
        1271        1273          -1
obdef
loc1d
   0.6666666600000000
kind
           1
 66960        105
   1.0000000000000000     
 OBS         1273
   5.9167482015779020     
   5.5380459275503569     
   0.0000000000000000     
        1272        1274          -1
obdef
loc1d
   0.0000000000000000
kind
           1
  2160        106
   1.0000000000000000     
 OBS         1274
   9.6011819874745630     
   8.8187185928006926     
   0.0000000000000000     
        1273        1275          -1
obdef
loc1d
   0.3333333300000000
kind
           1
  2160        106
   1.0000000000000000     
 OBS         1275
   16.442537618866197     
   16.712923576389784     
   0.0000000000000000     
        1274        1276          -1
obdef
loc1d
   0.6666666600000000
kind
           1
  2160        106
   1.0000000000000000     
 OBS         1276
   8.4096024651429513     
   7.8965332533580037     
   0.0000000000000000     
        1275        1277          -1
obdef
loc1d
   0.0000000000000000
kind
           1
 23760        106
   1.0000000000000000     
 OBS         1277
   12.833390692863365     
   12.462805811033835     
   0.0000000000000000     
        1276        1278          -1
obdef
loc1d
   0.3333333300000000
kind
           1
 23760        106
   1.0000000000000000     
 OBS         1278
   17.644490503415973     
   18.222143405016869     
   0.0000000000000000     
        1277        1279          -1
obdef
loc1d
   0.6666666600000000
kind
           1
 23760        106
   1.0000000000000000     
 OBS         1279
   9.8757851023845049     
   10.859810522183210     
   0.0000000000000000     
        1278        1280          -1
obdef
loc1d
   0.0000000000000000
kind
           1
 45360        106
   1.0000000000000000     
 OBS         1280
   15.875302647688345     
   15.846675310743874     
   0.0000000000000000     
        1279        1281          -1
obdef
loc1d
   0.3333333300000000
kind
           1
 45360        106
   1.0000000000000000     
 OBS         1281
   23.505657763378089     
   23.047363965318588     
   0.0000000000000000     
        1280        1282          -1
obdef
loc1d
   0.6666666600000000
kind
           1
 45360        106
   1.0000000000000000     
 OBS         1282
   12.449720725164788     
   13.282073646118604     
   0.0000000000000000     
        1281        1283          -1
obdef
loc1d
   0.0000000000000000
kind
           1
 66960        106
   1.0000000000000000     
 OBS         1283
   15.528928479837449     
   15.681098240190481     
   0.0000000000000000     
        1282        1284          -1
obdef
loc1d
   0.3333333300000000
kind
           1
 66960        106
   1.0000000000000000     
 OBS         1284
   29.709049971385575     
   30.661060956781391     
   0.0000000000000000     
        1283        1285          -1
obdef
loc1d
   0.6666666600000000
kind
           1
 66960        106
   1.0000000000000000     
 OBS         1285
   14.151054333910981     
   13.147628432089459     
   0.0000000000000000     
        1284        1286          -1
obdef
loc1d
   0.0000000000000000
kind
           1
  2160        107
   1.0000000000000000     
 OBS         1286
   11.163661481739933     
   10.170864514669407     
   0.0000000000000000     
        1285        1287          -1
obdef
loc1d
   0.3333333300000000
kind
           1
  2160        107
   1.0000000000000000     
 OBS         1287
   36.551153177299213     
   36.016100601837856     
   0.0000000000000000     
        1286        1288          -1
obdef
loc1d
   0.6666666600000000
kind
           1
  2160        107
   1.0000000000000000     
 OBS         1288
   11.154822994249569     
   10.170517417675793     
   0.0000000000000000     
        1287        1289          -1
obdef
loc1d
   0.0000000000000000
kind
           1
 23760        107
   1.0000000000000000     
 OBS         1289
   4.7843007193574678     
   3.9905197046320309     
   0.0000000000000000     
        1288        1290          -1
obdef
loc1d
   0.3333333300000000
kind
           1
 23760        107
   1.0000000000000000     
 OBS         1290
   36.512716812221313     
   35.215690101905636     
   0.0000000000000000     
        1289        1291          -1
obdef
loc1d
   0.6666666600000000
kind
           1
 23760        107
   1.0000000000000000     
 OBS         1291
   5.1205380406211480     
   6.5443484292225582     
   0.0000000000000000     
        1290        1292          -1
obdef
loc1d
   0.0000000000000000
kind
           1
 45360        107
   1.0000000000000000     
 OBS         1292
  0.58404763584206953     
   1.1492639003820961     
   0.0000000000000000     
        1291        1293          -1
obdef
loc1d
   0.3333333300000000
kind
           1
 45360        107
   1.0000000000000000     
 OBS         1293
   31.167254749402790     
   31.081221223104514     
   0.0000000000000000     
        1292        1294          -1
obdef
loc1d
   0.6666666600000000
kind
           1
 45360        107
   1.0000000000000000     
 OBS         1294
   2.6828750752356916     
   3.9606363867969607     
   0.0000000000000000     
        1293        1295          -1
obdef
loc1d
   0.0000000000000000
kind
           1
 66960        107
   1.0000000000000000     
 OBS         1295
   1.9291871339690614     
  0.77392908305647057     
   0.0000000000000000     
        1294        1296          -1
obdef
loc1d
   0.3333333300000000
kind
           1
 66960        107
   1.0000000000000000     
 OBS         1296
   26.502792518401620     
   26.723308613355897     
   0.0000000000000000     
        1295        1297          -1
obdef
loc1d
   0.6666666600000000
kind
           1
 66960        107
   1.0000000000000000     
 OBS         1297
   2.1140254927395370     
   2.6396803652437479     
   0.0000000000000000     
        1296        1298          -1
obdef
loc1d
   0.0000000000000000
kind
           1
  2160        108
   1.0000000000000000     
 OBS         1298
  0.64742125495953862     
   1.3061422816116710     
   0.0000000000000000     
        1297        1299          -1
obdef
loc1d
   0.3333333300000000
kind
           1
  2160        108
   1.0000000000000000     
 OBS         1299
   23.089083552106914     
   22.947020855762535     
   0.0000000000000000     
        1298        1300          -1
obdef
loc1d
   0.6666666600000000
kind
           1
  2160        108
   1.0000000000000000     
 OBS         1300
   2.8670597850667798     
   2.2390694004450369     
   0.0000000000000000     
        1299        1301          -1
obdef
loc1d
   0.0000000000000000
kind
           1
 23760        108
   1.0000000000000000     
 OBS         1301
   2.8542372784420040     
   2.1497577832036199     
   0.0000000000000000     
        1300        1302          -1
obdef
loc1d
   0.3333333300000000
kind
           1
 23760        108
   1.0000000000000000     
 OBS         1302
   20.846633027568839     
   19.778514846033335     
   0.0000000000000000     
        1301        1303          -1
obdef
loc1d
   0.6666666600000000
kind
           1
 23760        108
   1.0000000000000000     
 OBS         1303
   4.0421819493178717     
   2.4720441916441018     
   0.0000000000000000     
        1302        1304          -1
obdef
loc1d
   0.0000000000000000
kind
           1
 45360        108
   1.0000000000000000     
 OBS         1304
   2.8585470972363223     
   3.3147144447718997     
   0.0000000000000000     
        1303        1305          -1
obdef
loc1d
   0.3333333300000000
kind
           1
 45360        108
   1.0000000000000000     
 OBS         1305
   16.089796912693664     
   17.203032809961837     
   0.0000000000000000     
        1304        1306          -1
obdef
loc1d
   0.6666666600000000
kind
           1
 45360        108
   1.0000000000000000     
 OBS         1306
   3.9694366643630707     
   3.2580319924065275     
   0.0000000000000000     
        1305        1307          -1
obdef
loc1d
   0.0000000000000000
kind
           1
 66960        108
   1.0000000000000000     
 OBS         1307
   6.4100516562559813     
   5.0692687854717615     
   0.0000000000000000     
        1306        1308          -1
obdef
loc1d
   0.3333333300000000
kind
           1
 66960        108
   1.0000000000000000     
 OBS         1308
   16.156080419760737     
   15.316299550979769     
   0.0000000000000000     
        1307        1309          -1
obdef
loc1d
   0.6666666600000000
kind
           1
 66960        108
   1.0000000000000000     
 OBS         1309
   5.8248895751482470     
   4.7081267324226141     
   0.0000000000000000     
        1308        1310          -1
obdef
loc1d
   0.0000000000000000
kind
           1
  2160        109
   1.0000000000000000     
 OBS         1310
   6.0645345106946182     
   7.8037774872040817     
   0.0000000000000000     
        1309        1311          -1
obdef
loc1d
   0.3333333300000000
kind
           1
  2160        109
   1.0000000000000000     
 OBS         1311
   14.269958969923835     
   14.461350660266294     
   0.0000000000000000     
        1310        1312          -1
obdef
loc1d
   0.6666666600000000
kind
           1
  2160        109
   1.0000000000000000     
 OBS         1312
   6.4100265337821112     
   7.0514791290663057     
   0.0000000000000000     
        1311        1313          -1
obdef
loc1d
   0.0000000000000000
kind
           1
 23760        109
   1.0000000000000000     
 OBS         1313
   10.636372307289820     
   11.809764726638091     
   0.0000000000000000     
        1312        1314          -1
obdef
loc1d
   0.3333333300000000
kind
           1
 23760        109
   1.0000000000000000     
 OBS         1314
   16.216650523673358     
   15.518739578104187     
   0.0000000000000000     
        1313        1315          -1
obdef
loc1d
   0.6666666600000000
kind
           1
 23760        109
   1.0000000000000000     
 OBS         1315
   8.8785164591375754     
   10.352224335843818     
   0.0000000000000000     
        1314        1316          -1
obdef
loc1d
   0.0000000000000000
kind
           1
 45360        109
   1.0000000000000000     
 OBS         1316
   15.682777637381591     
   16.356071079489169     
   0.0000000000000000     
        1315        1317          -1
obdef
loc1d
   0.3333333300000000
kind
           1
 45360        109
   1.0000000000000000     
 OBS         1317
   20.105091923727187     
   20.131301238526529     
   0.0000000000000000     
        1316        1318          -1
obdef
loc1d
   0.6666666600000000
kind
           1
 45360        109
   1.0000000000000000     
 OBS         1318
   12.847155303384799     
   13.657895188896020     
   0.0000000000000000     
        1317        1319          -1
obdef
loc1d
   0.0000000000000000
kind
           1
 66960        109
   1.0000000000000000     
 OBS         1319
   18.161609307629337     
   17.821312785194934     
   0.0000000000000000     
        1318        1320          -1
obdef
loc1d
   0.3333333300000000
kind
           1
 66960        109
   1.0000000000000000     
 OBS         1320
   29.350928809425501     
   29.051475681798863     
   0.0000000000000000     
        1319        1321          -1
obdef
loc1d
   0.6666666600000000
kind
           1
 66960        109
   1.0000000000000000     
 OBS         1321
   15.546541974217297     
   14.372528377050799     
   0.0000000000000000     
        1320        1322          -1
obdef
loc1d
   0.0000000000000000
kind
           1
  2160        110
   1.0000000000000000     
 OBS         1322
   12.262142875792865     
   12.069799116119869     
   0.0000000000000000     
        1321        1323          -1
obdef
loc1d
   0.3333333300000000
kind
           1
  2160        110
   1.0000000000000000     
 OBS         1323
   37.204964424689216     
   37.067526014502064     
   0.0000000000000000     
        1322        1324          -1
obdef
loc1d
   0.6666666600000000
kind
           1
  2160        110
   1.0000000000000000     
 OBS         1324
   10.200158771352433     
   11.202198218264574     
   0.0000000000000000     
        1323        1325          -1
obdef
loc1d
   0.0000000000000000
kind
           1
 23760        110
   1.0000000000000000     
 OBS         1325
   4.0906970101721445     
   3.8750324949453172     
   0.0000000000000000     
        1324        1326          -1
obdef
loc1d
   0.3333333300000000
kind
           1
 23760        110
   1.0000000000000000     
 OBS         1326
   38.254753550988788     
   37.243578547105066     
   0.0000000000000000     
        1325        1327          -1
obdef
loc1d
   0.6666666600000000
kind
           1
 23760        110
   1.0000000000000000     
 OBS         1327
   6.3197259431433599     
   6.7247933123896892     
   0.0000000000000000     
        1326        1328          -1
obdef
loc1d
   0.0000000000000000
kind
           1
 45360        110
   1.0000000000000000     
 OBS         1328
  0.54292930657099225     
 -0.10274845922183273     
   0.0000000000000000     
        1327        1329          -1
obdef
loc1d
   0.3333333300000000
kind
           1
 45360        110
   1.0000000000000000     
 OBS         1329
   31.390327554684522     
   32.520703526254287     
   0.0000000000000000     
        1328        1330          -1
obdef
loc1d
   0.6666666600000000
kind
           1
 45360        110
   1.0000000000000000     
 OBS         1330
   3.1654393581116116     
   3.4148836287872455     
   0.0000000000000000     
        1329        1331          -1
obdef
loc1d
   0.0000000000000000
kind
           1
 66960        110
   1.0000000000000000     
 OBS         1331
  -1.2236116512177286     
 -0.73923842952888075     
   0.0000000000000000     
        1330        1332          -1
obdef
loc1d
   0.3333333300000000
kind
           1
 66960        110
   1.0000000000000000     
 OBS         1332
   26.327182361613001     
   27.560646080730010     
   0.0000000000000000     
        1331        1333          -1
obdef
loc1d
   0.6666666600000000
kind
           1
 66960        110
   1.0000000000000000     
 OBS         1333
   1.2476547023153226     
   1.6227457021778735     
   0.0000000000000000     
        1332        1334          -1
obdef
loc1d
   0.0000000000000000
kind
           1
  2160        111
   1.0000000000000000     
 OBS         1334
 -0.42041228016163545     
 -0.37071093343809136     
   0.0000000000000000     
        1333        1335          -1
obdef
loc1d
   0.3333333300000000
kind
           1
  2160        111
   1.0000000000000000     
 OBS         1335
   22.806776318733437     
   23.406646476108222     
   0.0000000000000000     
        1334        1336          -1
obdef
loc1d
   0.6666666600000000
kind
           1
  2160        111
   1.0000000000000000     
 OBS         1336
   4.8129984057582176E-003
  0.83720166113653294     
   0.0000000000000000     
        1335        1337          -1
obdef
loc1d
   0.0000000000000000
kind
           1
 23760        111
   1.0000000000000000     
 OBS         1337
   7.4409682297020968E-002
   6.9750966519029969E-002
   0.0000000000000000     
        1336        1338          -1
obdef
loc1d
   0.3333333300000000
kind
           1
 23760        111
   1.0000000000000000     
 OBS         1338
   18.802540171669651     
   19.935729347290906     
   0.0000000000000000     
        1337        1339          -1
obdef
loc1d
   0.6666666600000000
kind
           1
 23760        111
   1.0000000000000000     
 OBS         1339
   1.7420190818590791     
  0.58528503361642592     
   0.0000000000000000     
        1338        1340          -1
obdef
loc1d
   0.0000000000000000
kind
           1
 45360        111
   1.0000000000000000     
 OBS         1340
  -1.5511374303360803     
  0.44022422499365621     
   0.0000000000000000     
        1339        1341          -1
obdef
loc1d
   0.3333333300000000
kind
           1
 45360        111
   1.0000000000000000     
 OBS         1341
   16.128178245114253     
   16.997870576383225     
   0.0000000000000000     
        1340        1342          -1
obdef
loc1d
   0.6666666600000000
kind
           1
 45360        111
   1.0000000000000000     
 OBS         1342
   2.7710538359132730E-002
  0.61372324573215375     
   0.0000000000000000     
        1341        1343          -1
obdef
loc1d
   0.0000000000000000
kind
           1
 66960        111
   1.0000000000000000     
 OBS         1343
  0.97653113252253454     
  0.83084733619969975     
   0.0000000000000000     
        1342        1344          -1
obdef
loc1d
   0.3333333300000000
kind
           1
 66960        111
   1.0000000000000000     
 OBS         1344
   14.316737626586717     
   14.505371084210402     
   0.0000000000000000     
        1343        1345          -1
obdef
loc1d
   0.6666666600000000
kind
           1
 66960        111
   1.0000000000000000     
 OBS         1345
  0.32220833313968367     
  0.84039569020368621     
   0.0000000000000000     
        1344        1346          -1
obdef
loc1d
   0.0000000000000000
kind
           1
  2160        112
   1.0000000000000000     
 OBS         1346
  0.86054165953856476     
   1.3888894029024978     
   0.0000000000000000     
        1345        1347          -1
obdef
loc1d
   0.3333333300000000
kind
           1
  2160        112
   1.0000000000000000     
 OBS         1347
   13.127392836986955     
   12.404809036712260     
   0.0000000000000000     
        1346        1348          -1
obdef
loc1d
   0.6666666600000000
kind
           1
  2160        112
   1.0000000000000000     
 OBS         1348
  -1.6136685196068674     
   1.2990107248227876     
   0.0000000000000000     
        1347        1349          -1
obdef
loc1d
   0.0000000000000000
kind
           1
 23760        112
   1.0000000000000000     
 OBS         1349
   1.9745880710330890     
   2.3186011230263079     
   0.0000000000000000     
        1348        1350          -1
obdef
loc1d
   0.3333333300000000
kind
           1
 23760        112
   1.0000000000000000     
 OBS         1350
   9.4400895065355446     
   10.679191126237031     
   0.0000000000000000     
        1349        1351          -1
obdef
loc1d
   0.6666666600000000
kind
           1
 23760        112
   1.0000000000000000     
 OBS         1351
   2.4889578522984452     
   2.1273555098321397     
   0.0000000000000000     
        1350        1352          -1
obdef
loc1d
   0.0000000000000000
kind
           1
 45360        112
   1.0000000000000000     
 OBS         1352
   2.6259619850426117     
   3.9471025096489094     
   0.0000000000000000     
        1351        1353          -1
obdef
loc1d
   0.3333333300000000
kind
           1
 45360        112
   1.0000000000000000     
 OBS         1353
   10.127968892333660     
   9.3937887932975617     
   0.0000000000000000     
        1352        1354          -1
obdef
loc1d
   0.6666666600000000
kind
           1
 45360        112
   1.0000000000000000     
 OBS         1354
   2.2851597178023266     
   3.5979429290799372     
   0.0000000000000000     
        1353        1355          -1
obdef
loc1d
   0.0000000000000000
kind
           1
 66960        112
   1.0000000000000000     
 OBS         1355
   6.7978413822510424     
   6.8121496208110228     
   0.0000000000000000     
        1354        1356          -1
obdef
loc1d
   0.3333333300000000
kind
           1
 66960        112
   1.0000000000000000     
 OBS         1356
   9.0638500252971461     
   8.8481416437877112     
   0.0000000000000000     
        1355        1357          -1
obdef
loc1d
   0.6666666600000000
kind
           1
 66960        112
   1.0000000000000000     
 OBS         1357
   6.4392139086518609     
   6.1551421582385775     
   0.0000000000000000     
        1356        1358          -1
obdef
loc1d
   0.0000000000000000
kind
           1
  2160        113
   1.0000000000000000     
 OBS         1358
   10.642486173366404     
   11.621600636671099     
   0.0000000000000000     
        1357        1359          -1
obdef
loc1d
   0.3333333300000000
kind
           1
  2160        113
   1.0000000000000000     
 OBS         1359
   10.800505787359059     
   10.014867158316456     
   0.0000000000000000     
        1358        1360          -1
obdef
loc1d
   0.6666666600000000
kind
           1
  2160        113
   1.0000000000000000     
 OBS         1360
   11.708921750989571     
   10.241644886103858     
   0.0000000000000000     
        1359        1361          -1
obdef
loc1d
   0.0000000000000000
kind
           1
 23760        113
   1.0000000000000000     
 OBS         1361
   18.643744945812010     
   18.267923936176704     
   0.0000000000000000     
        1360        1362          -1
obdef
loc1d
   0.3333333300000000
kind
           1
 23760        113
   1.0000000000000000     
 OBS         1362
   15.187318449496800     
   15.402544856557080     
   0.0000000000000000     
        1361        1363          -1
obdef
loc1d
   0.6666666600000000
kind
           1
 23760        113
   1.0000000000000000     
 OBS         1363
   16.168222347736592     
   15.098556589562238     
   0.0000000000000000     
        1362        1364          -1
obdef
loc1d
   0.0000000000000000
kind
           1
 45360        113
   1.0000000000000000     
 OBS         1364
   21.699073272487638     
   21.965576137149249     
   0.0000000000000000     
        1363        1365          -1
obdef
loc1d
   0.3333333300000000
kind
           1
 45360        113
   1.0000000000000000     
 OBS         1365
   27.789783381459412     
   28.019347418886039     
   0.0000000000000000     
        1364        1366          -1
obdef
loc1d
   0.6666666600000000
kind
           1
 45360        113
   1.0000000000000000     
 OBS         1366
   17.663861693240499     
   16.623419418646165     
   0.0000000000000000     
        1365        1367          -1
obdef
loc1d
   0.0000000000000000
kind
           1
 66960        113
   1.0000000000000000     
 OBS         1367
   13.279477290202873     
   13.593756806605111     
   0.0000000000000000     
        1366        1368          -1
obdef
loc1d
   0.3333333300000000
kind
           1
 66960        113
   1.0000000000000000     
 OBS         1368
   40.479984834818950     
   40.944780402014281     
   0.0000000000000000     
        1367        1369          -1
obdef
loc1d
   0.6666666600000000
kind
           1
 66960        113
   1.0000000000000000     
 OBS         1369
   14.015973081607090     
   11.887418284687154     
   0.0000000000000000     
        1368        1370          -1
obdef
loc1d
   0.0000000000000000
kind
           1
  2160        114
   1.0000000000000000     
 OBS         1370
   1.8273434192572884     
  0.89876638630254180     
   0.0000000000000000     
        1369        1371          -1
obdef
loc1d
   0.3333333300000000
kind
           1
  2160        114
   1.0000000000000000     
 OBS         1371
   41.210448368295488     
   40.556083415681790     
   0.0000000000000000     
        1370        1372          -1
obdef
loc1d
   0.6666666600000000
kind
           1
  2160        114
   1.0000000000000000     
 OBS         1372
   5.1354560842629633     
   5.4415706349933277     
   0.0000000000000000     
        1371        1373          -1
obdef
loc1d
   0.0000000000000000
kind
           1
 23760        114
   1.0000000000000000     
 OBS         1373
  -2.0956683745461353     
  -3.9237192013566475     
   0.0000000000000000     
        1372        1374          -1
obdef
loc1d
   0.3333333300000000
kind
           1
 23760        114
   1.0000000000000000     
 OBS         1374
   35.252619732103483     
   33.657869443420033     
   0.0000000000000000     
        1373        1375          -1
obdef
loc1d
   0.6666666600000000
kind
           1
 23760        114
   1.0000000000000000     
 OBS         1375
 -0.10377406390387400     
   1.0627652804986529     
   0.0000000000000000     
        1374        1376          -1
obdef
loc1d
   0.0000000000000000
kind
           1
 45360        114
   1.0000000000000000     
 OBS         1376
  -2.0535471520238251     
  -4.2826463028829593     
   0.0000000000000000     
        1375        1377          -1
obdef
loc1d
   0.3333333300000000
kind
           1
 45360        114
   1.0000000000000000     
 OBS         1377
   29.310194090134246     
   27.984895754027999     
   0.0000000000000000     
        1376        1378          -1
obdef
loc1d
   0.6666666600000000
kind
           1
 45360        114
   1.0000000000000000     
 OBS         1378
  -1.9541153067467221     
  -1.2897520656402310     
   0.0000000000000000     
        1377        1379          -1
obdef
loc1d
   0.0000000000000000
kind
           1
 66960        114
   1.0000000000000000     
 OBS         1379
  -3.4022145658631215     
  -4.1150969975120244     
   0.0000000000000000     
        1378        1380          -1
obdef
loc1d
   0.3333333300000000
kind
           1
 66960        114
   1.0000000000000000     
 OBS         1380
   25.237013326022456     
   23.910075377203643     
   0.0000000000000000     
        1379        1381          -1
obdef
loc1d
   0.6666666600000000
kind
           1
 66960        114
   1.0000000000000000     
 OBS         1381
  -3.0669128406614288     
  -2.6443003514405561     
   0.0000000000000000     
        1380        1382          -1
obdef
loc1d
   0.0000000000000000
kind
           1
  2160        115
   1.0000000000000000     
 OBS         1382
  -4.6009190675827956     
  -4.5685340899650368     
   0.0000000000000000     
        1381        1383          -1
obdef
loc1d
   0.3333333300000000
kind
           1
  2160        115
   1.0000000000000000     
 OBS         1383
   23.175341854622111     
   20.860375024285325     
   0.0000000000000000     
        1382        1384          -1
obdef
loc1d
   0.6666666600000000
kind
           1
  2160        115
   1.0000000000000000     
 OBS         1384
  -4.0139542609442316     
  -3.8004563703464314     
   0.0000000000000000     
        1383        1385          -1
obdef
loc1d
   0.0000000000000000
kind
           1
 23760        115
   1.0000000000000000     
 OBS         1385
  -5.6506967126300482     
  -5.8738503640108872     
   0.0000000000000000     
        1384        1386          -1
obdef
loc1d
   0.3333333300000000
kind
           1
 23760        115
   1.0000000000000000     
 OBS         1386
   22.032207142974194     
   18.707761861361512     
   0.0000000000000000     
        1385        1387          -1
obdef
loc1d
   0.6666666600000000
kind
           1
 23760        115
   1.0000000000000000     
 OBS         1387
  -4.2786860062797603     
  -5.2587320313716370     
   0.0000000000000000     
        1386        1388          -1
obdef
loc1d
   0.0000000000000000
kind
           1
 45360        115
   1.0000000000000000     
 OBS         1388
  -8.2429930215579024     
  -8.1373727454782738     
   0.0000000000000000     
        1387        1389          -1
obdef
loc1d
   0.3333333300000000
kind
           1
 45360        115
   1.0000000000000000     
 OBS         1389
   16.539312702257586     
   17.694621312856192     
   0.0000000000000000     
        1388        1390          -1
obdef
loc1d
   0.6666666600000000
kind
           1
 45360        115
   1.0000000000000000     
 OBS         1390
  -6.9616362207030429     
  -7.3206994261824132     
   0.0000000000000000     
        1389        1391          -1
obdef
loc1d
   0.0000000000000000
kind
           1
 66960        115
   1.0000000000000000     
 OBS         1391
  -12.064067000086094     
  -11.328959748330924     
   0.0000000000000000     
        1390        1392          -1
obdef
loc1d
   0.3333333300000000
kind
           1
 66960        115
   1.0000000000000000     
 OBS         1392
   17.755221951322802     
   18.480258443656400     
   0.0000000000000000     
        1391        1393          -1
obdef
loc1d
   0.6666666600000000
kind
           1
 66960        115
   1.0000000000000000     
 OBS         1393
  -9.7729373986191028     
  -9.9823173124810616     
   0.0000000000000000     
        1392        1394          -1
obdef
loc1d
   0.0000000000000000
kind
           1
  2160        116
   1.0000000000000000     
 OBS         1394
  -14.112025445759755     
  -14.635355584310497     
   0.0000000000000000     
        1393        1395          -1
obdef
loc1d
   0.3333333300000000
kind
           1
  2160        116
   1.0000000000000000     
 OBS         1395
   22.352495440829419     
   22.075277171836891     
   0.0000000000000000     
        1394        1396          -1
obdef
loc1d
   0.6666666600000000
kind
           1
  2160        116
   1.0000000000000000     
 OBS         1396
  -12.945931540939982     
  -12.471282984072300     
   0.0000000000000000     
        1395        1397          -1
obdef
loc1d
   0.0000000000000000
kind
           1
 23760        116
   1.0000000000000000     
 OBS         1397
  -14.525196633414673     
  -15.560857429458039     
   0.0000000000000000     
        1396        1398          -1
obdef
loc1d
   0.3333333300000000
kind
           1
 23760        116
   1.0000000000000000     
 OBS         1398
   27.426805683919472     
   28.551552027632301     
   0.0000000000000000     
        1397        1399          -1
obdef
loc1d
   0.6666666600000000
kind
           1
 23760        116
   1.0000000000000000     
 OBS         1399
  -14.487665205797477     
  -13.090194348735412     
   0.0000000000000000     
        1398        1400          -1
obdef
loc1d
   0.0000000000000000
kind
           1
 45360        116
   1.0000000000000000     
 OBS         1400
  -12.334761664711809     
  -11.736162897248633     
   0.0000000000000000     
        1399        1401          -1
obdef
loc1d
   0.3333333300000000
kind
           1
 45360        116
   1.0000000000000000     
 OBS         1401
   33.076756257035406     
   34.428616239958068     
   0.0000000000000000     
        1400        1402          -1
obdef
loc1d
   0.6666666600000000
kind
           1
 45360        116
   1.0000000000000000     
 OBS         1402
  -11.724276157608669     
  -10.981308173215634     
   0.0000000000000000     
        1401        1403          -1
obdef
loc1d
   0.0000000000000000
kind
           1
 66960        116
   1.0000000000000000     
 OBS         1403
  -4.4503061486734916     
  -5.8330319241273108     
   0.0000000000000000     
        1402        1404          -1
obdef
loc1d
   0.3333333300000000
kind
           1
 66960        116
   1.0000000000000000     
 OBS         1404
   34.766200621416729     
   35.251126572663040     
   0.0000000000000000     
        1403        1405          -1
obdef
loc1d
   0.6666666600000000
kind
           1
 66960        116
   1.0000000000000000     
 OBS         1405
  -6.0915021942726204     
  -7.6510104680888116     
   0.0000000000000000     
        1404        1406          -1
obdef
loc1d
   0.0000000000000000
kind
           1
  2160        117
   1.0000000000000000     
 OBS         1406
  -2.0513817755632742     
  -2.2847162321489813     
   0.0000000000000000     
        1405        1407          -1
obdef
loc1d
   0.3333333300000000
kind
           1
  2160        117
   1.0000000000000000     
 OBS         1407
   31.909230995974813     
   32.014487561590556     
   0.0000000000000000     
        1406        1408          -1
obdef
loc1d
   0.6666666600000000
kind
           1
  2160        117
   1.0000000000000000     
 OBS         1408
  -2.1759643652263549     
  -4.9385108568260030     
   0.0000000000000000     
        1407        1409          -1
obdef
loc1d
   0.0000000000000000
kind
           1
 23760        117
   1.0000000000000000     
 OBS         1409
 -0.36012596913173800     
  -1.4056372840655826     
   0.0000000000000000     
        1408        1410          -1
obdef
loc1d
   0.3333333300000000
kind
           1
 23760        117
   1.0000000000000000     
 OBS         1410
   28.405262184718726     
   27.860703619862917     
   0.0000000000000000     
        1409        1411          -1
obdef
loc1d
   0.6666666600000000
kind
           1
 23760        117
   1.0000000000000000     
 OBS         1411
  -2.9676203102727627     
  -3.4142547793281297     
   0.0000000000000000     
        1410        1412          -1
obdef
loc1d
   0.0000000000000000
kind
           1
 45360        117
   1.0000000000000000     
 OBS         1412
  -1.0591879212562785     
  -1.7906819356578303     
   0.0000000000000000     
        1411        1413          -1
obdef
loc1d
   0.3333333300000000
kind
           1
 45360        117
   1.0000000000000000     
 OBS         1413
   24.455942307993844     
   24.085018593126822     
   0.0000000000000000     
        1412        1414          -1
obdef
loc1d
   0.6666666600000000
kind
           1
 45360        117
   1.0000000000000000     
 OBS         1414
 -0.89318078977980431     
  -2.8887320849619731     
   0.0000000000000000     
        1413        1415          -1
obdef
loc1d
   0.0000000000000000
kind
           1
 66960        117
   1.0000000000000000     
 OBS         1415
  -4.0724154960542416     
  -2.6764707079608097     
   0.0000000000000000     
        1414        1416          -1
obdef
loc1d
   0.3333333300000000
kind
           1
 66960        117
   1.0000000000000000     
 OBS         1416
   20.048375268995098     
   20.898815277130115     
   0.0000000000000000     
        1415        1417          -1
obdef
loc1d
   0.6666666600000000
kind
           1
 66960        117
   1.0000000000000000     
 OBS         1417
  -1.9911796085381579     
  -3.0956114888902935     
   0.0000000000000000     
        1416        1418          -1
obdef
loc1d
   0.0000000000000000
kind
           1
  2160        118
   1.0000000000000000     
 OBS         1418
  -3.1400537638908244     
  -3.9681397224103079     
   0.0000000000000000     
        1417        1419          -1
obdef
loc1d
   0.3333333300000000
kind
           1
  2160        118
   1.0000000000000000     
 OBS         1419
   17.584410260057641     
   18.347707512495408     
   0.0000000000000000     
        1418        1420          -1
obdef
loc1d
   0.6666666600000000
kind
           1
  2160        118
   1.0000000000000000     
 OBS         1420
  -2.5293037327763406     
  -3.9354755523611460     
   0.0000000000000000     
        1419        1421          -1
obdef
loc1d
   0.0000000000000000
kind
           1
 23760        118
   1.0000000000000000     
 OBS         1421
  -7.0242346060215954     
  -5.8876085416314030     
   0.0000000000000000     
        1420        1422          -1
obdef
loc1d
   0.3333333300000000
kind
           1
 23760        118
   1.0000000000000000     
 OBS         1422
   16.298457875360981     
   16.583089980618198     
   0.0000000000000000     
        1421        1423          -1
obdef
loc1d
   0.6666666600000000
kind
           1
 23760        118
   1.0000000000000000     
 OBS         1423
  -3.9963270488432645     
  -5.4859063492984639     
   0.0000000000000000     
        1422        1424          -1
obdef
loc1d
   0.0000000000000000
kind
           1
 45360        118
   1.0000000000000000     
 OBS         1424
  -8.9585421034169439     
  -8.7532481781847213     
   0.0000000000000000     
        1423        1425          -1
obdef
loc1d
   0.3333333300000000
kind
           1
 45360        118
   1.0000000000000000     
 OBS         1425
   15.212539652955494     
   16.031440067968301     
   0.0000000000000000     
        1424        1426          -1
obdef
loc1d
   0.6666666600000000
kind
           1
 45360        118
   1.0000000000000000     
 OBS         1426
  -6.5549323860233590     
  -7.8916943995662052     
   0.0000000000000000     
        1425        1427          -1
obdef
loc1d
   0.0000000000000000
kind
           1
 66960        118
   1.0000000000000000     
 OBS         1427
  -11.019165085614965     
  -12.623147238444648     
   0.0000000000000000     
        1426        1428          -1
obdef
loc1d
   0.3333333300000000
kind
           1
 66960        118
   1.0000000000000000     
 OBS         1428
   18.665573891239998     
   17.639241823710989     
   0.0000000000000000     
        1427        1429          -1
obdef
loc1d
   0.6666666600000000
kind
           1
 66960        118
   1.0000000000000000     
 OBS         1429
  -10.398166776011360     
  -10.996521972072404     
   0.0000000000000000     
        1428        1430          -1
obdef
loc1d
   0.0000000000000000
kind
           1
  2160        119
   1.0000000000000000     
 OBS         1430
  -15.927860473397688     
  -16.267798789817551     
   0.0000000000000000     
        1429        1431          -1
obdef
loc1d
   0.3333333300000000
kind
           1
  2160        119
   1.0000000000000000     
 OBS         1431
   23.085869019917546     
   22.762630715207415     
   0.0000000000000000     
        1430        1432          -1
obdef
loc1d
   0.6666666600000000
kind
           1
  2160        119
   1.0000000000000000     
 OBS         1432
  -13.428489742082979     
  -13.564016573377177     
   0.0000000000000000     
        1431        1433          -1
obdef
loc1d
   0.0000000000000000
kind
           1
 23760        119
   1.0000000000000000     
 OBS         1433
  -17.022815773317379     
  -16.089476099042493     
   0.0000000000000000     
        1432        1434          -1
obdef
loc1d
   0.3333333300000000
kind
           1
 23760        119
   1.0000000000000000     
 OBS         1434
   29.963111464553425     
   30.933347511899086     
   0.0000000000000000     
        1433        1435          -1
obdef
loc1d
   0.6666666600000000
kind
           1
 23760        119
   1.0000000000000000     
 OBS         1435
  -13.325691134996555     
  -13.373139009891545     
   0.0000000000000000     
        1434        1436          -1
obdef
loc1d
   0.0000000000000000
kind
           1
 45360        119
   1.0000000000000000     
 OBS         1436
  -10.290365829276514     
  -10.079374296871000     
   0.0000000000000000     
        1435        1437          -1
obdef
loc1d
   0.3333333300000000
kind
           1
 45360        119
   1.0000000000000000     
 OBS         1437
   37.105565803425236     
   36.588276447719345     
   0.0000000000000000     
        1436        1438          -1
obdef
loc1d
   0.6666666600000000
kind
           1
 45360        119
   1.0000000000000000     
 OBS         1438
  -10.333123186619323     
  -10.141725482089626     
   0.0000000000000000     
        1437        1439          -1
obdef
loc1d
   0.0000000000000000
kind
           1
 66960        119
   1.0000000000000000     
 OBS         1439
  -1.9446292805968179     
  -3.5194405123647443     
   0.0000000000000000     
        1438        1440          -1
obdef
loc1d
   0.3333333300000000
kind
           1
 66960        119
   1.0000000000000000     
 OBS         1440
   34.721041084855962     
   35.541667540815304     
   0.0000000000000000     
        1439        1441          -1
obdef
loc1d
   0.6666666600000000
kind
           1
 66960        119
   1.0000000000000000     
 OBS         1441
  -6.6153106685480250     
  -6.3035037564911560     
   0.0000000000000000     
        1440        1442          -1
obdef
loc1d
   0.0000000000000000
kind
           1
  2160        120
   1.0000000000000000     
 OBS         1442
 -0.17471891183908855     
 -0.66052194816658472     
   0.0000000000000000     
        1441        1443          -1
obdef
loc1d
   0.3333333300000000
kind
           1
  2160        120
   1.0000000000000000     
 OBS         1443
   30.482184279634179     
   31.119315385702123     
   0.0000000000000000     
        1442        1444          -1
obdef
loc1d
   0.6666666600000000
kind
           1
  2160        120
   1.0000000000000000     
 OBS         1444
  -3.2106097224928334     
  -3.6224714189884928     
   0.0000000000000000     
        1443        1445          -1
obdef
loc1d
   0.0000000000000000
kind
           1
 23760        120
   1.0000000000000000     
 OBS         1445
 -0.64909978347605546     
 -0.33635271093145180     
   0.0000000000000000     
        1444        1446          -1
obdef
loc1d
   0.3333333300000000
kind
           1
 23760        120
   1.0000000000000000     
 OBS         1446
   25.359766221553059     
   26.619521976673038     
   0.0000000000000000     
        1445        1447          -1
obdef
loc1d
   0.6666666600000000
kind
           1
 23760        120
   1.0000000000000000     
 OBS         1447
  -2.9450280343423212     
  -2.2550742620492352     
   0.0000000000000000     
        1446        1448          -1
obdef
loc1d
   0.0000000000000000
kind
           1
 45360        120
   1.0000000000000000     
 OBS         1448
   6.6997091118075391E-002
 -0.84787485964542830     
   0.0000000000000000     
        1447        1449          -1
obdef
loc1d
   0.3333333300000000
kind
           1
 45360        120
   1.0000000000000000     
 OBS         1449
   23.038408042968481     
   22.769423664200978     
   0.0000000000000000     
        1448        1450          -1
obdef
loc1d
   0.6666666600000000
kind
           1
 45360        120
   1.0000000000000000     
 OBS         1450
  -2.6473471435879081     
  -1.7973496976107892     
   0.0000000000000000     
        1449        1451          -1
obdef
loc1d
   0.0000000000000000
kind
           1
 66960        120
   1.0000000000000000     
 OBS         1451
  -1.7260811588926808     
  -1.5808113822267102     
   0.0000000000000000     
        1450        1452          -1
obdef
loc1d
   0.3333333300000000
kind
           1
 66960        120
   1.0000000000000000     
 OBS         1452
   17.856085616895751     
   19.532998895401057     
   0.0000000000000000     
        1451        1453          -1
obdef
loc1d
   0.6666666600000000
kind
           1
 66960        120
   1.0000000000000000     
 OBS         1453
  -1.9479936534925373     
  -1.9250358487636736     
   0.0000000000000000     
        1452        1454          -1
obdef
loc1d
   0.0000000000000000
kind
           1
  2160        121
   1.0000000000000000     
 OBS         1454
  -1.8308950296179392     
  -2.5357176124031455     
   0.0000000000000000     
        1453        1455          -1
obdef
loc1d
   0.3333333300000000
kind
           1
  2160        121
   1.0000000000000000     
 OBS         1455
   16.200164498825174     
   16.852064060726729     
   0.0000000000000000     
        1454        1456          -1
obdef
loc1d
   0.6666666600000000
kind
           1
  2160        121
   1.0000000000000000     
 OBS         1456
  -3.6363228082464074     
  -2.5288206418368984     
   0.0000000000000000     
        1455        1457          -1
obdef
loc1d
   0.0000000000000000
kind
           1
 23760        121
   1.0000000000000000     
 OBS         1457
  -1.6561657166884580     
  -3.9566126536010970     
   0.0000000000000000     
        1456        1458          -1
obdef
loc1d
   0.3333333300000000
kind
           1
 23760        121
   1.0000000000000000     
 OBS         1458
   13.627624248918844     
   14.755078802116017     
   0.0000000000000000     
        1457        1459          -1
obdef
loc1d
   0.6666666600000000
kind
           1
 23760        121
   1.0000000000000000     
 OBS         1459
  -4.6207155637923778     
  -3.6948617982410230     
   0.0000000000000000     
        1458        1460          -1
obdef
loc1d
   0.0000000000000000
kind
           1
 45360        121
   1.0000000000000000     
 OBS         1460
  -7.3666506575074262     
  -6.2277885852451487     
   0.0000000000000000     
        1459        1461          -1
obdef
loc1d
   0.3333333300000000
kind
           1
 45360        121
   1.0000000000000000     
 OBS         1461
   13.901637749109128     
   13.442570308579031     
   0.0000000000000000     
        1460        1462          -1
obdef
loc1d
   0.6666666600000000
kind
           1
 45360        121
   1.0000000000000000     
 OBS         1462
  -6.7332521856023995     
  -5.6676844071794124     
   0.0000000000000000     
        1461        1463          -1
obdef
loc1d
   0.0000000000000000
kind
           1
 66960        121
   1.0000000000000000     
 OBS         1463
  -9.4150650670401799     
  -9.8043907315232222     
   0.0000000000000000     
        1462        1464          -1
obdef
loc1d
   0.3333333300000000
kind
           1
 66960        121
   1.0000000000000000     
 OBS         1464
   12.637912106024073     
   13.523894040233246     
   0.0000000000000000     
        1463        1465          -1
obdef
loc1d
   0.6666666600000000
kind
           1
 66960        121
   1.0000000000000000     
 OBS         1465
  -8.8386286891676598     
  -8.7193104291912995     
   0.0000000000000000     
        1464        1466          -1
obdef
loc1d
   0.0000000000000000
kind
           1
  2160        122
   1.0000000000000000     
 OBS         1466
  -13.135955932539899     
  -14.712851698784233     
   0.0000000000000000     
        1465        1467          -1
obdef
loc1d
   0.3333333300000000
kind
           1
  2160        122
   1.0000000000000000     
 OBS         1467
   17.587935477251346     
   16.444597712851685     
   0.0000000000000000     
        1466        1468          -1
obdef
loc1d
   0.6666666600000000
kind
           1
  2160        122
   1.0000000000000000     
 OBS         1468
  -13.544564617724458     
  -12.554734351940100     
   0.0000000000000000     
        1467        1469          -1
obdef
loc1d
   0.0000000000000000
kind
           1
 23760        122
   1.0000000000000000     
 OBS         1469
  -18.439547112228588     
  -18.727651342201685     
   0.0000000000000000     
        1468        1470          -1
obdef
loc1d
   0.3333333300000000
kind
           1
 23760        122
   1.0000000000000000     
 OBS         1470
   23.547732978187000     
   24.196429767732113     
   0.0000000000000000     
        1469        1471          -1
obdef
loc1d
   0.6666666600000000
kind
           1
 23760        122
   1.0000000000000000     
 OBS         1471
  -14.418274980694150     
  -15.053341188132682     
   0.0000000000000000     
        1470        1472          -1
obdef
loc1d
   0.0000000000000000
kind
           1
 45360        122
   1.0000000000000000     
 OBS         1472
  -16.215398987854112     
  -16.129414510416723     
   0.0000000000000000     
        1471        1473          -1
obdef
loc1d
   0.3333333300000000
kind
           1
 45360        122
   1.0000000000000000     
 OBS         1473
   34.949213268460824     
   34.827563118006147     
   0.0000000000000000     
        1472        1474          -1
obdef
loc1d
   0.6666666600000000
kind
           1
 45360        122
   1.0000000000000000     
 OBS         1474
  -13.997957268455256     
  -13.306716752392404     
   0.0000000000000000     
        1473        1475          -1
obdef
loc1d
   0.0000000000000000
kind
           1
 66960        122
   1.0000000000000000     
 OBS         1475
  -7.6190640946051005     
  -6.8417038473343004     
   0.0000000000000000     
        1474        1476          -1
obdef
loc1d
   0.3333333300000000
kind
           1
 66960        122
   1.0000000000000000     
 OBS         1476
   38.625377773515915     
   39.085542384474948     
   0.0000000000000000     
        1475        1477          -1
obdef
loc1d
   0.6666666600000000
kind
           1
 66960        122
   1.0000000000000000     
 OBS         1477
  -9.4285891307756575     
  -8.5194957125395092     
   0.0000000000000000     
        1476        1478          -1
obdef
loc1d
   0.0000000000000000
kind
           1
  2160        123
   1.0000000000000000     
 OBS         1478
  -1.0516351690543844     
 -0.23020825527095637     
   0.0000000000000000     
        1477        1479          -1
obdef
loc1d
   0.3333333300000000
kind
           1
  2160        123
   1.0000000000000000     
 OBS         1479
   35.662108700391698     
   35.244719441419960     
   0.0000000000000000     
        1478        1480          -1
obdef
loc1d
   0.6666666600000000
kind
           1
  2160        123
   1.0000000000000000     
 OBS         1480
  -5.8791367836703126     
  -4.2212721252042318     
   0.0000000000000000     
        1479        1481          -1
obdef
loc1d
   0.0000000000000000
kind
           1
 23760        123
   1.0000000000000000     
 OBS         1481
   1.8542004807386518     
   1.5054977872910023     
   0.0000000000000000     
        1480        1482          -1
obdef
loc1d
   0.3333333300000000
kind
           1
 23760        123
   1.0000000000000000     
 OBS         1482
   30.046811599714307     
   29.742492948622516     
   0.0000000000000000     
        1481        1483          -1
obdef
loc1d
   0.6666666600000000
kind
           1
 23760        123
   1.0000000000000000     
 OBS         1483
  -2.1005862647618829     
  -1.6485058052927803     
   0.0000000000000000     
        1482        1484          -1
obdef
loc1d
   0.0000000000000000
kind
           1
 45360        123
   1.0000000000000000     
 OBS         1484
 -0.11807141406519195     
   1.3683842485085205     
   0.0000000000000000     
        1483        1485          -1
obdef
loc1d
   0.3333333300000000
kind
           1
 45360        123
   1.0000000000000000     
 OBS         1485
   24.461667625162903     
   25.115078194336302     
   0.0000000000000000     
        1484        1486          -1
obdef
loc1d
   0.6666666600000000
kind
           1
 45360        123
   1.0000000000000000     
 OBS         1486
  0.24569538656118184     
 -0.37439103883998459     
   0.0000000000000000     
        1485        1487          -1
obdef
loc1d
   0.0000000000000000
kind
           1
 66960        123
   1.0000000000000000     
 OBS         1487
  -1.0362487088392640     
   1.0528632305203300     
   0.0000000000000000     
        1486        1488          -1
obdef
loc1d
   0.3333333300000000
kind
           1
 66960        123
   1.0000000000000000     
 OBS         1488
   21.809481599335861     
   21.339986320729015     
   0.0000000000000000     
        1487        1489          -1
obdef
loc1d
   0.6666666600000000
kind
           1
 66960        123
   1.0000000000000000     
 OBS         1489
  0.85246478369930745     
  0.24080396869389165     
   0.0000000000000000     
        1488        1490          -1
obdef
loc1d
   0.0000000000000000
kind
           1
  2160        124
   1.0000000000000000     
 OBS         1490
   2.5033398036452743     
  0.98794551941436404     
   0.0000000000000000     
        1489        1491          -1
obdef
loc1d
   0.3333333300000000
kind
           1
  2160        124
   1.0000000000000000     
 OBS         1491
   15.459455803784497     
   18.183643902108365     
   0.0000000000000000     
        1490        1492          -1
obdef
loc1d
   0.6666666600000000
kind
           1
  2160        124
   1.0000000000000000     
 OBS         1492
 -0.34030500408598785     
  0.62397355547708366     
   0.0000000000000000     
        1491        1493          -1
obdef
loc1d
   0.0000000000000000
kind
           1
 23760        124
   1.0000000000000000     
 OBS         1493
  0.38495514086811589     
   1.2239527401241517     
   0.0000000000000000     
        1492        1494          -1
obdef
loc1d
   0.3333333300000000
kind
           1
 23760        124
   1.0000000000000000     
 OBS         1494
   15.792731196740151     
   15.522528782913994     
   0.0000000000000000     
        1493        1495          -1
obdef
loc1d
   0.6666666600000000
kind
           1
 23760        124
   1.0000000000000000     
 OBS         1495
   1.8468070990169818     
   1.0233412305778591     
   0.0000000000000000     
        1494        1496          -1
obdef
loc1d
   0.0000000000000000
kind
           1
 45360        124
   1.0000000000000000     
 OBS         1496
   2.8068405307251720     
   1.8054812053499099     
   0.0000000000000000     
        1495        1497          -1
obdef
loc1d
   0.3333333300000000
kind
           1
 45360        124
   1.0000000000000000     
 OBS         1497
   14.331597806637504     
   13.296416282295246     
   0.0000000000000000     
        1496        1498          -1
obdef
loc1d
   0.6666666600000000
kind
           1
 45360        124
   1.0000000000000000     
 OBS         1498
   2.2695598978628997     
   1.6208158143730653     
   0.0000000000000000     
        1497        1499          -1
obdef
loc1d
   0.0000000000000000
kind
           1
 66960        124
   1.0000000000000000     
 OBS         1499
   3.9232013896662572     
   2.8903853242457807     
   0.0000000000000000     
        1498        1500          -1
obdef
loc1d
   0.3333333300000000
kind
           1
 66960        124
   1.0000000000000000     
 OBS         1500
   10.118442089210609     
   11.500754211384679     
   0.0000000000000000     
        1499          -1          -1
obdef
loc1d
   0.6666666600000000
kind
           1
 66960        124
   1.0000000000000000     
